CN,CN
CN
CN,CN,CN,CN,CN
CN,,AU,CN,CN,HK,JP,,HK,HK,TW,JP,KR,AU,BD,IN,KP,ID,JP,AU,AU,AU,AU,US,JP,US,US,US
CN
CN
CN
CN
CN,CN,CN,CN
CN
,CN
CN,CN
CN,CN,CN,CN,CN,CN,CN,CN,CN,CN,CN,CN,CN,CN,CN,CN,CN,CN,CN,CN,CN,CN,CN,CN,CN,CN,CN,CN,CN,CN,CN,CN,CN,CN,CN,CN,CN,,,,,,CN,CN,CN,CN,,,,,,,,,,,
CN,CN,CN,CN,CN,CN,CN,CN,CN,CN,CN,CN,CN,CN,CN,CN,CN,CN,CN,CN,,,,,CN,,CN,CN,CN,CN,CN,CN,CN,CN,CN,CN,CN,CN,CN,
CN,CN,CN,CN,CN,CN,CN,CN,CN,CN,CN,CN,CN,CN,CN,,,CN,CN,CN,CN,CN,CN,CN,CN,CN,CN,CN,,,CN
CN,CN,CN,CN,CN,CN,CN,CN,CN,CN,CN,CN,,,,CN,CN,CN,CN,CN,CN,CN,CN,CN,CN,CN,CN,CN,CN,CN,CN
CN,CN,CN,CN,CN,CN,CN,,CN,CN,CN,CN,CN,CN,CN,CN,CN,CN,CN,CN,CN,CN,CN,CN,CN,CN,CN,CN,CN,CN,CN,CN,CN,CN,CN,,,,,,,CN,CN,CN,CN,CN,CN,CN,,,,,
CN,CN,CN
CN,CN,CN,CN,CN,CN,CN,CN
CN
CN,CN,CN,CN,CN,CN,CN,CN,CN,CN,CN,CN,CN,CN,CN,CN,CN,CN,CN,CN,CN,CN,CN,CN,CN,CN,CN,CN,CN,CN,,,,,,,,,CN,CN,
CN,CN,CN,CN,,CN,CN,CN,CN,CN,CN,CN,CN,CN,CN,CN,CN,CN,CN,CN,CN,CN,CN,CN,CN,CN,CN,CN,CN,CN,CN,CN,CN
CN,CN,CN,CN,CN,CN,CN,CN,CN,CN,CN,CN,CN,CN,CN,CN,CN,,,,,,,,,,,,,,,,,,CN,CN,CN,CN,CN,CN,CN,CN,CN,CN
CN,CN,CN,CN,CN,CN,CN,CN,CN,CN,CN,CN,CN,CN,CN,CN,CN,CN,,CN,CN,CN,,,,,,,,,,,,,,,CN,CN,CN,CN,CN
CN,,CN
CN,CN,CN,CN,CN,CN,CN,CN,CN,CN,CN,CN,CN,CN,CN,CN,CN,CN,CN,CN,CN,CN,CN,CN,,CN,CN,CN,CN,CN,CN,CN,CN,CN,,,,CN,CN,,,,CN
CN,CN,CN,CN,CN,CN,CN,CN,CN,CN,CN,CN,CN,CN,CN,CN,CN,CN,CN,CN,CN,CN,CN,CN,CN,CN,CN,CN,CN,CN,CN,CN,CN,CN,,CN,CN,CN,CN,CN,CN,CN,CN,CN,,,,,,,,,,,CN,CN,,,,CN,CN,CN,CN,,CN,CN,CN,CN,CN,CN,CN,,,,,,,,,,
CN,CN,CN,CN,CN,CN,CN,CN,CN,CN,CN,CN
CN,CN,CN,CN,CN,CN,CN,CN,CN,CN,CN,CN,CN,CN,CN,CN,CN,CN,CN,CN,CN,CN,CN
CN,CN,CN,CN,CN,CN,CN,CN,CN,CN,CN,CN,CN,CN,CN,CN,CN,CN,CN,CN
CN,CN,CN
CN,CN,CN,CN,CN,CN
CN,CN
CN,CN,CN
CN,CN,CN
CN,CN
CN,CN,CN
CN,CN
CN,CN,CN,CN
CN,CN,CN
CN,CN,CN,CN
CN,CN,CN
CN,CN,CN
CN,CN,CN,CN
CN,CN,CN
CN,CN,CN,CN
CN,CN,CN,CN,CN,CN
CN,CN,CN
CN,CN,CN,CN
CN,CN,CN,CN,CN
CN,CN,CN,CN,
CN,CN,CN,CN
CN,CN,CN
CN,CN,CN
CN,CN,CN,CN
CN,CN,CN
CN,CN,CN
CN
CN,CN,CN
CN,CN,CN,CN
CN,CN,CN,CN,CN,CN
CN,CN
CN,CN,CN,CN,CN
CN,CN,CN,CN
CN,CN,CN
CN,CN,CN,CN
CN,CN,CN,CN
CN,CN
CN,CN,CN,CN,CN
CN,CN,CN
CN,CN,CN
CN,CN,CN,CN
CN,CN,CN,CN
CN,CN,CN,CN
CN,CN,CN
CN,CN,CN,CN,CN
CN,CN,CN
CN,CN,CN,CN
CN,CN,CN,CN
CN,CN,CN,CN
CN,CN,CN
CN,CN,CN,CN
CN,CN,CN,CN
CN,CN,CN,CN,CN,CN,CN
CN,CN,CN,CN
CN,CN,CN,CN,CN,CN
CN,CN,CN,CN,CN
CN,CN,CN
CN,CN,CN,CN
CN,CN,CN
CN,CN,CN,CN
CN,CN,CN,CN,CN,CN,CN
CN,CN,CN,CN,CN,CN,CN,CN,CN,CN,CN,,,CN,CN,CN
CN,CN,CN,CN,CN,CN
CN,CN,CN,CN,CN,CN,CN,CN,CN
CN,CN,CN,CN,CN,CN,CN
CN,CN,CN,CN,CN,CN,CN,CN,CN,CN,CN,CN
CN,CN,CN,CN,CN,CN,CN
CN,CN,CN
CN,CN,CN
CN,CN,CN
CN,CN,CN
CN,CN,CN,CN,CN,CN,CN,CN,CN,CN
CN,CN,CN
CN,CN,CN
CN,CN,CN,CN
CN,CN,CN,CN,CN,CN,CN
CN,CN,CN,CN,CN
CN,CN,CN,CN,CN,CN
CN,CN,CN,CN
CN,CN,CN,CN,CN
CN,CN,CN,CN
CN,CN,CN,CN
CN,CN,CN,CN
CN,CN,CN
CN,CN,CN
CN,CN,CN
CN,CN,CN,CN,CN,CN,CN,CN,CN
CN,CN
CN,CN,CN,CN
CN,CN,CN
CN,CN
CN,CN,CN,CN,CN,CN,CN,CN,CN,,CN,CN,CN,CN,CN,
CN,,CN
CN,CN,CN,CN,CN,CN,CN,CN,CN,CN,CN,CN,CN,CN,CN,CN,CN,CN,CN,CN,CN,CN,CN
CN,CN,CN,CN,CN,CN,CN,CN,CN,CN,CN,CN,CN,CN,CN,CN,CN
CN,CN
CN,CN,CN
CN,CN,CN,CN,CN,CN,CN,CN,CN,CN,CN,CN,CN,CN,CN,CN,CN,CN,CN,CN,CN,CN
CN,CN,CN,CN,CN,CN,CN,CN
CN,CN,CN,CN,CN,CN,CN,CN,CN,CN,CN,CN,CN,CN,CN
CN,CN,CN,CN,CN,CN,CN,CN,CN,CN,CN,CN,CN,CN,CN,CN
CN,CN,CN,CN
CN,CN,CN
CN,CN,CN
CN,CN,CN
CN,CN,CN,CN
CN,CN,CN,CN
CN,CN,CN,CN,CN
CN,CN,CN,CN,CN,CN
CN,CN,CN,CN
CN,CN,CN
CN,CN,CN,CN
CN,CN
CN,CN,CN,CN,CN
CN,,CN
CN,CN,CN,CN
CN,CN,CN
CN,CN
CN,,CN,CN
CN,CN,CN
,CN,CN,CN
CN,CN,CN,CN,CN
CN,CN,CN,CN,CN
CN,CN,CN
CN,CN,CN
CN,CN,CN
CN,CN,CN,CN
CN,CN,CN,CN
CN,CN
CN
CN,CN,CN,CN,CN,CN
CN,CN,
CN,CN,CN
CN,CN
CN
CN,CN,CN,CN
CN,CN
CN,CN,CN
CN,CN,CN,CN
CN,CN,CN,CN
CN,CN,CN,CN,CN,CN,CN,CN,CN,CN,CN,CN,CN,CN,CN,CN,CN,CN,CN,CN,CN,CN
CN,CN,CN,CN
CN,,CN
CN,CN,CN
CN,CN,CN,CN
CN,CN,CN
CN,CN,CN,CN,CN,CN
CN,CN,CN,CN,CN,CN
CN,CN,CN,CN,CN,CN,CN,CN,CN,CN,CN,CN,CN
CN,CN,CN,CN,CN,CN
CN,CN,CN,CN,CN,CN,CN,CN,CN,CN,CN
CN,CN,CN
CN,CN,CN,CN,CN
CN,CN
CN,CN
CN,CN,CN,CN,CN,CN,CN,CN,CN,CN,CN,CN
CN,CN,CN,CN,CN,CN
CN,CN,CN
CN,CN,CN,CN,CN,CN,CN,CN,CN,CN
CN,CN,CN,CN,CN,CN,CN,CN,CN,CN,CN,CN,CN,CN,CN,CN,CN,CN
CN,CN,CN,CN,CN,CN
CN,CN,CN,CN,CN
CN,CN,CN
CN,CN,CN,CN
CN,CN,CN
CN,CN,CN
CN,CN,CN
CN,CN
CN,CN,CN,CN
CN,CN,,,CN
CN,CN,CN,CN
CN,CN,CN
CN,CN,CN,CN
CN,CN,CN,CN
CN,CN,CN,CN
CN,CN,CN,CN
CN,CN,CN
CN,CN,CN
CN,CN,CN,CN,CN,CN,CN,CN,CN,CN,CN,CN,CN,CN,CN,CN,CN,CN,CN,CN
CN,CN,CN,CN
CN,CN,CN,CN
CN,CN,CN
CN,CN,CN,CN,CN,CN,CN,CN,CN,CN,CN,CN,CN,CN,CN,CN,CN,CN,CN,CN,CN,CN,CN,CN
CN,CN,CN
CN,CN,CN
CN,CN
CN,CN,CN,CN
CN,CN,CN,CN,CN,CN
CN,CN,CN
CN,CN,CN,CN
CN,CN,CN
CN,CN,CN,CN,CN
CN,CN,CN,CN,CN
CN,CN,CN,CN,CN,CN,CN,CN,CN,CN,CN,CN,CN,CN,CN,CN,CN,CN,CN,CN
CN,CN,CN,CN,CN,CN,CN,CN,CN,CN,CN,CN,CN,CN,CN,CN,CN,CN,CN,CN
CN,CN,CN,CN,CN,CN,CN,CN,CN,CN,CN,CN,CN,CN,CN,CN
CN,CN,CN,CN,CN,CN,CN,CN,CN,CN
CN,CN,CN,CN,CN
CN,CN,CN,CN
CN,CN,CN,CN,CN
CN,CN,CN
CN,CN,CN,CN,CN,CN,CN,CN,CN,CN,CN,CN,CN,CN,CN,CN,CN,CN
CN,CN,CN,CN,CN,CN
CN,CN,CN
CN,CN,CN,CN
CN,CN,CN,CN
CN,CN,CN
CN,CN,CN,CN,CN
CN,CN,CN,CN,CN,CN,CN
CN,CN,CN,CN,CN
CN,CN,CN,CN
CN,CN,CN
CN,CN,CN
CN,CN,CN,CN,CN
CN,CN
CN,CN,CN
CN,CN,CN,CN,CN
CN,,CN,CN,CN
CN,CN,CN,CN
CN,CN,CN,CN,CN,CN,
CN,CN,CN,CN,CN
CN,CN,CN,CN,CN
CN,CN,CN,CN
CN,CN,CN,CN
CN,CN,CN,CN,CN
CN,CN,CN,CN,CN,CN
CN,CN,CN,CN,CN,CN
CN,CN,CN,CN
CN,CN,CN,CN
CN,CN,CN,CN
CN,CN,CN
CN,CN,CN,CN,CN,CN
CN,CN,CN
CN,CN,CN,CN,CN,CN,CN,CN,CN
CN,CN,CN,CN
CN,CN,CN,CN
CN,CN,CN
CN,CN,CN,CN
CN,CN,CN
CN,CN,CN,CN
CN,CN,CN,CN,CN,CN,CN,CN,CN,CN,CN,CN,CN,CN,CN,CN,CN,CN,CN,CN,CN
CN,CN,CN,CN,CN,CN,CN,CN,CN,CN,CN,CN,CN,CN,CN,CN,GB,CN,CN,CN,CN,CN
CN,CN,CN,CN,CN,CN,CN,CN,CN,CN,CN,CN,CN
CN,CN,CN,CN,CN,CN
CN,CN,CN
CN,CN,CN
CN,CN,CN,CN
CN,CN,CN
CN,CN,CN
CN,CN,CN
CN,CN,CN,CN,CN
CN,CN,CN,CN,CN,CN,CN
CN,CN,CN,CN
CN,CN,CN,CN,CN,CN
CN,CN,CN
CN,CN,CN,CN
CN,CN,CN,CN,CN
CN,CN,CN,CN
CN,CN,CN,CN,CN,CN,CN,CN,CN,CN,CN,CN,CN,CN,CN,CN,CN,CN,CN,,CN,CN,CN
CN,CN,CN,CN,CN,CN
CN,CN,CN,CN
,CN
CN,CN,CN,CN
CN,CN,CN,CN
CN,CN,CN,CN
CN,CN,CN,CN
CN,CN,CN,CN,CN
CN,CN,CN,CN,CN,CN,CN,CN,CN
CN,CN
CN,CN,CN,CN
CN,CN,CN,CN
CN,CN,CN,CN
CN,CN
CN,CN,CN,CN
CN,CN,CN
CN
CN
CN,CN,CN,CN
CN,CN,CN
CN,CN,CN,CN,CN,CN,CN
CN
CN,CN
CN,CN
CN,CN
CN,CN,CN
CN,CN
CN,CN
CN,CN
CN
CN
CN
CN
CN
CN,CN,CN,CN,CN,CN,CN,CN,CN,CN,CN,CN
NZ
CN,CN
CN
MY
CN
CN
CN
CN,CN
US,US
CN,CN
CN
CN,CN
CN,CN
CN
CN
CN,CN,CN
CN,CN,CN
CN,CN,CN
CN,CN
CN,US
CN,CN,CN
CN,CN,CN,CN
CN,CN,CN
CN,CN
CN,CN,CN,CN,CN,CN
CN,CN,CN,CN,CN
US
CN
CN,CN
CN
CN,CN,CN
CN
CN,CN,CN
CN,CN,CN
CN,CN
CN,CN
CN,CN,CN,CN,CN
CN,CN
CN,CN
CN,CN
CN,CN,CN,CN
CN,CN,CN
CN,CN
CN,HK
CN
CN
CN
CN,CN
CN,CN,CN,CN,CN
CN
CN,CN,CN
CN,CN,CN,CN
,CN,CN,CN
CN
CN,CN,CN
CN,CN
CN,US,US
CN,CN
CN
CN
CN
CN
CN,BD,CN,CN,CN,US
CN
CN
CN,CN
CN
CN
CN
CN,CN
CN,CN
CN,CN
CN,CN,CN
IN,IN,BD,PK,US,AU,IN
CN
CN,CN,CN
CN,CN
CN,CN
CN
CN
CN,CN
CN,US,CN
CN
US
HK,HK,CN
CN,CN,CN,CN,CN,CN,CN,CN,CN,CN
CN,CN
CN,CN,CN,CN
CN
PA,HK,BD,LK,HK,AT,MY,AF,AF,BD,BD,ID,BD,BD,HK,CN,HK,HK,HK,KR,BD,AF,AF,PK,PK,AU,CN,BD,HK,BD,BD,NZ,US,TH
CN
CN,CN
CN,US
CN,HK
CN,CN,CN,CN,CN,CN,CN,IN,,CN,CN
CN,CN,CN,CN
CN,CN,CN,,CN,CN,CN,CN,CN,CN,CN,CN,CN
CN,CN,CN,CN,CN
CN,CN,CN
CN
CN,CN,CN
CN,CN,CN
CN,CN
CN
CN,US
CN,CN,CN,CN,CN,CN
CN,CN,CN,CN
CN,CN
CN,CN
CN
CN,CN
HK
CN,CN
CN,CN
CN,CN
CN
CN,CN
CN,CN,CN,CN,CN
CN
CN,CN
CN,CN,CN
CN,CN
CN,CN
CN,CN,CN,CN
CN,CN
CN,CN,CN
CN,CN,CN
CN,CN,US
CN,CN,CN
CN,CN,CN,CN,CN
CN,CN
CN,CN,CN,CN
US,US,CN,HK
CN,CN
HK,US
CN,CN
CN,CN
CN,CN,CN,CN
CN,CN
CN
CN,CN
US,US,CN,PH,CN,CN,HK
CN,CN
CN,CN
TW,HK
CN,CN
CN
CN,CN,CN
CN,CN,CN,CN
US,US,CN,CN,KR,TR
CN
CN,CN
CN,CN,CN
CN
CN,CN
CN,CN,CN
CN,CN
CN
CN,CN
CN,CN,CN,SG,CN,HK,CN
CN,CN
CN,CN,CN,CN,CN,CN,CN,CN,CN,CN,CN,CN
CN
CN
CN,CN
CN
CN,CN
CN,CN,CN,CN,CN
CN,CN,CN,HK
CN,HK,CN,CN,CN,HK,TW,CN,CN,CN,HK,HK
CN
CN
HK
CN,CN
HK,CN
CN,CN,CN
CN,CN,CN,CN,CN
CN,CN,CN
CN,CN
CN,CN
CN,US,CN
CN,CN
CN,CN
CN,CN
CN
CN
KZ,CN
CN,CN,CN
CN
CN,CN
CN,CN
CN,CN,CN
CN,CN,CN,CN,CN,CN,CN,CN,CN
CN,CN,CN,HK,CN
CN,CN
CN,CN
CN,CN
CN,CN
CN
CN,CN
CN,CN
CN
CN
CN,CN,CN,CN,CN
CN,CN
CN,CN,CN,CN
CN
CN,CN
CN,CN
CN,CN,CN
CN,CN,CN
CN,CN,CN,CN
CN,CN,CN
CN,CN
CN,CN,CN,CN,CN
CN,CN,CN
CN,CN,CN
CN,SG
CN,CN,CN
CN,CN,CN,CN,CN
HK,CN,CN,CN
HK,CN,MY,HK
CN,CN,CN,CN
CN,CN
CN
CN,CN,CN
CN,CN,CN
CN,CN
CN
CN,CN
CN
CN,CN,CN
CN
CN,CN
CN
BD
CN,CN
CN,CN,CN
PH,US,HK
PH,US
CN,CN
CN,CN
CN,CN,CN,CN,CN,CN,CN,CN,CN,CN,CN
CN,CN,CN,CN,CN
CN,CN,CN,CN,CN,CN,CN,CN
CN
CN,CN
CN,CN,CN,,CN
CN,CN,CN,CN,CN
CN,CN,CN,CN,CN,CN,,CN
CN,CN
CN,CN
CN,CN,CN,CN
HK,CN
CN,CN
CN,CN,CN
CN,CN
CN,CN,CN,CN
CN,CN
CN,CN,CN,CN
CN,CN
FM,HK,ID,IN,CN,AU,FM,FM,FM,AU,GB,AU,AU,AU,AU,AU,HK,HK,CN,AU,IN,CN,PG
CN
US
CN,CN,HK,CN,CN,CN
CN,CN,CN
CN,CN,CN
CN,CN,CN,US
CN,US
CN,CN
CN,HK,CN
CN,CN,CN
CN,CN,CN,CN,CN,CN,CN
CN,CN,CN,CN,CN,CN,CN,CN,CN,CN,CN
CN,CN
CN,CN,CN,CN
CN,CN,CN,CN
CN,CN,CN,CN,CN,CN
CN,CN,CN,CN,CN,CN,CN,CN,CN
US
HK,CN,CN,CN,CN,CN,CN,CN,US,HK,HK,CN,CN,HK,MY,HK,HK,CN,CN,HK,CN,CN,CN
CN
CN,CN
US,US
CN
CN,HK
CN,CN,CN,CN
CN
CN,CN,CN
CN,HK,HK
CN,CN,CN
CN,CN
CN
CN,CN,CN,CN,CN,CN,CN,HK
CN
CN,CN,CN,,CN,CN,CN
CN,CN,CN
HK
CN
CN,CN,CN,,CN,CN
TW,US
CN
CN,CN,CN
CN,CN,CN,CN
BD,US,AU,US,MY,KR,,CN,CN,SG,ID,ID,SG
AF
CN,CN,CN
CN,CN,CN
CN,CN,CN
US,US
BD,HK
CN,CN,CN
CN,CN,CN,CN,CN
US,HK
CN
HK
CN,CN,CN,CN
CN,CN,CN,CN,CN,CN
CN,CN
CN,CN
CN,HK
CN,CN,CN
CN,CN,CN,CN
CN,CN
CN,CN,CN
CN,CN,CN
US,CN
CN,CN,CN,CN,CN
US
CN,CN,CN,CN,CN,CN
CN,CN,CN,CN,CN,CN
CN
SG
CN
CN,CN
CN
CN
CN,CN
CN,CN
CN,CN,CN,CN,CN
HK
CN,HK
CN,CN,CN,CN
CN
CN,CN,CN,CN,CN,CN
CN
CN
US
CN,CN,CN
CN
CN,CN,CN,CN
US,US
CN
CN,HK,CN,CN,CN,HK,HK
HK,CN,CN
CN,CN,CN
CN,CN
HK,HK
CN
CN
CN,CN
CN,CN,CN,CN,CN
CN
CN,CN
CN,CN,CN
US,CN,CN,CN,CN,CN,CN,CN,CN,CN
CN,CN,CN,US,HK
CN,CN,CN,CN,CN,HK,CN
SG,CN,CN
CN
PH,US,HK,US
CN,CN,CN,CN
US,US,SG
CN,CN
CN,CN
CN
CN,CN,CN,CN
CN,CN,CN
CN
CN,CN
,CN,CN,CN,CN,CN
CN,CN,CN,CN,US
CN
CN
CN,CN,CN,CN,CN,CN,CN,HK,HK,,US,CN
CN
CN
CN
CN
HK
CN,CN
CN
CN,CN
CN
CN,CN,CN
CN
CN
CN,CN,CN
CN
CN
CN
CN,CN,CN
CN,CN
CN,CN
AU,AU
CN
CN
CN,CN
CN
CN,CN
CN
CN,
HK
CN
CN
CN,CN
CN
CN
CN,CN
CN,CN
CN,CN
CN
CN
CN
HK
CN
CN
CN
CN
CN
CN
CN,CN
CN,CN
CN
CN,CN
CN
CN
CN
US,HK
CN,CN
CN
CN
HK,CN,CN
CN
CN,CN
CN
CN,CN
CN
CN,CN,CN
CN,CN
CN
CN,CN
CN
CN
CN,CN
CN
CN
CN,CN
CN,CN
CN,CN
CN,CN
CN,CN,CN,CN
CN,CN
CN
CN,CN,CN,CN
CN,CN
CN,CN
US
IN,IN,CN,CN,AU,IN,IN
CN,CN,CN
VN,NP,CN,CN,IN,CN
CN
,CN
CN,CN
CN
CN,CN
SG,VN,SG,NZ,IN,AU,IN,DE,IN,VN,AU,ID,IN,AU,SG
CN,CN
CN
CN,CN
IN,CN,AU,HK
CN,,JP,SG,AU
CN,CN
CN,CN
CN
LT
CN,CN,CN
CN,HK
CN
CN,HK,CN
IN,IN,CN,HK
HK,JP,US,CN,HK,US,HK,PH,CN
CN,WS,HK,PH,HK,CN
CN,CN,CN
CN
CN
CN
CN,CN
CN,CN,CN
CN
HK
CN,CN
CN,CN
CN
CN,CN
HK
CN
CN
CN
CN,CN
CN
CN
IN,IN,CN,CN
CN,CN
US,US
CN
CN
CN,CN
HK,NZ,BD,CN,IN,CN,IN
HK,IN,CN,NZ,CN
CN,CN
MN,ID,IN,ID,IN,IN
US,MY,BD,US
ID
AU,MV,HK
CN,CN,CN
CN
CN,BD,AU,KH,MY
CN,IN,ID
IN,KR,AU,CN
ID
CN
CN
CN
CN
CN
HK,CN,CN
BD,TW
CN,HK,AU
CN
CN,CN,CN
IN,KH,CN,IN,US,HK,HK,SG,AU
US
CN
CN
HK,HK
HK
US
CN
CN,CN
CN
CN
CN
CN,CN
HK
CN
CN
CN
CN
CN
CN
CN
HK
HK
HK,CN
CN,HK
CN,CN
CN,CN
CN
HK,SG
CN
CN,CN
CN,CN
CN
US
CN
HK
CN,HK
CN
CN
US,CN
CN,CN
CN
CN
CN
CN
CN
US
CN
CN
CN
CN,CN,CN,CN,CN,CN,CN
US
CN,CN
CN,CN
CN
CN
CN,CN
TH,PH,IN
CN
CN
CN,CN,CN
CN
CN,CN
CN
US
CN,CN
CN,CN
CN
US
CN,CN
US,KR
CN,CN
CN,CN
IN
VN
HK
CN,CN
CN,CN
IN
TH
US,IN,IN,IN
IN
BD
HK,HK
CN,CN
CN
CN,VN,JP,SG
KR
CN
IN
MY,GB
CN,CN
CN,CN
BD
CN
CN,HK
PK,IN,AU
CN,IN
HK
JP
CN
CN,JP
CN,AU,CN,JP
AU,SG,ID,MY,MY,ID,CN,SG
ID,HK
MY,AU,BD
IN
CN,IN
IN,CN,ID,AU,IN,US
ID
CN
CN
CN,IN
ID,ID,ID
CN,CN,CN
ID,CN,CN
NZ,AU
CN,CN
HK,JP,HK,BD
HK,JP,HK
CN,CN
ID
IN,IN
HK
HK,CN,CN
CN,CN,CN
IN
HK
AU,AU,SG,AU,CN
CN,CN,CN,CN,VN
AU,AU,CN
CN
CN
CN,CN
AU,AU
HK,TW
CN,MH
ES,TW,ID
BD
MM,ID
PK,SG,SG,SG,IN
AU,TH
BD,BD,IN
PK,BD,JP,SG
CN
CN,MY,IN,IN,US
IN,IN,IN,IN,IN,GB,DE,IN,IN
HK
HK,CN
CN,CN
US,CN
HK
CN
CN,CN,CN
CN,CN,CN
HK
CN,US,CN,CN
CN,HK,HK
US,HK
IN
US
CN,CN
CN
CN
CN
CN
HK
ID,IN,IN
CN
HK,HK,IN,HK,AU,AU,,PG,HK
ID,AU
BD,IN,ID,ID,JP
IN
BD,CN,CN,CN
NZ,IN,IN,AU,IN,US
CN,CN
US
US,US
HK
AU,ID
US,AU,ID
BD,IN,IN
CN,IN
CN
HK,CN
HK,HK
CN
CN
CN,AU,US
CN,CN,CN
CN,CN
CN
SC,US
CN,HK
CN
CN,CN
HK,JP
CN
CN
CN
HK,TW
CN
CN
CN
CN,CN,CN
HK,US
CN
CN
HK
CN,CN
CN
CN
CN
SG
CN,CN,CN
CN,CN
CN
US
CN,CN
CN
CN
JP,TW
HK,HK,US,HK
CN,CN
HK
CN
CN
US
CN
CN
JP
ID
NP
CN
CN
CN
CN,CN
CN
CN
CN
CN
CN
CN,CN
CN,CN
HK,CN
CN
US
CN,CN
CN,CN
CN
CN
CN
CN
CN,CN
HK,HK
NL
CN
KR
CN
CN,CN
IN,TH,ID,ID
CN
CN,CN
CN
CN,CN,CN,CN
CN,CN,CN,CN
CN,CN,CN
CN,CN,CN,CN,CN,CN,CN
CN,CN,CN,CN,CN,CN,CN
CN,VN
CN,CN
CN,CN,CN,CN
CN,CN,CN,CN
CN,CN,CN,CN
CN,CN
PK,IN,SG,SG,BN,US,AU,US,IN,CN,JP,US,US,US,,US,US,CN,CN,AU,NZ,PK,TH,AU,AE,CN,MY,AE,AE
CN,CN,CN
CN,CN,CN,CN,CN,CN
CN,CN,CN,CN,CN,CN,CN,CN
CN,CN
CN,CN
CN,CN,CN
CN,CN
CN,CN,CN
CN,CN,CN
CN,CN,CN
US,CN
CN,CN,CN,CN,CN
CN,CN,CN,CN,CN
CN,CN,CN,CN
CN,CN,CN
CN,CN,CN,CN,CN,CN,CN
CN,CN
CN,CN
CN,CN,CN,CN,CN,CN
CN,CN
CN,CN
TW
CN,CN,US,HK,TW,CN,HK,CN,CN
CN,CN,CN,CN
HK,HK
HK,HK
CN,CN
CN
CN,CN
MY,CN,HK,HK,HK
CN,MY,HK,HK,US
CN,IN,US
CN,CN,CN,CN,CN,CN,CN
CN,CN,CN,CN
CN,CN
CN,TW,IN,TW
HK,CN
CN
CN,HK,MY
US,HK,HK
HK
CN,CN,CN,CN,CN
CN,CN,CN,CN,CN
HK
CN
CN,CN
CN,CN
CN,CN,CN
CN,CN
CN,CN
CN,CN,CN
IN
CN
CN,CN
CN,CN
CN,CN
CN,CN,CN
CN,CN
CN,CN
CN,CN,CN
CN,CN,CN
CN,CN
CN,CN
HK
SG
DE
SG,US
US
CN
CN,CN,CN
CN
CN
US,CN,CN
CN
CN
US,MY
CN
HK
CN,CN
HK
CN,
CN
CN,US
CN
CN
CN
CN,CN
CN
CN,CN,CN
CN,CN
,CN,CN
CN,CN
CN,CN,CN
US,CN
CN,CN,CN
CN,CN
CN
CN
CN
CN
CN
CN
CN
CN
JP
HK,HK
CN,US
CN,CN,US
CN,CN,CN
CN,CN,CN,CN
CN,CN
CN,CN,CN,CN,HK,CN
CN,CN
CN,CN,CN,HK
CN,CN,CN
CN,CN
CN
CN,CN,CN
CN,CN
CN
HK,CN,HK,MY,CN,CN,HK
HK,CN,CN
HK,CN,CN,CN
CN,CN,CN
HK,HK,CN,HK,HK,HK
CN,CN
US,US,PH
CN,CN
CN,CN
CN,CN
CN,CN,CN
CN,CN
CN,CN
CN,CN
CN,CN,CN,CN
CN,CN
CN,CN
CN,CN
CN,CN
CN,CN
CN,HK
CN,CN
CN,CN,CN,CN,CN
CN,CN,CN,CN,CN
CN,CN,CN
CN,CN,CN,CN,CN
CN,CN,CN
CN,CN
CN,CN,CN,CN
CN,HK,CN,HK,TW,CN,CN
CN,CN,HK,TW,HK,HK,HK
US,US,HK
CN
CN
CN,CN,CN,CN
CN,SG
CN
CN,CN,CN,CN
US,CN,CN,CN,CN
CN,CN
CN,CN,CN
CN,CN
CN,CN,HK
CN,CN,CN,CN
CN,CN,CN,CN
CN
CN,CN
CN
CN,CN
CN,CN
CN,CN
CN,CN,CN
CN,CN,CN
CN,CN,CN
CN,CN,CN
CN,CN,CN
CN,CN
CN
CN,CN
CN,CN,CN
CN,CN
CN,CN
CN,CN
CN,CN
CN,HK,CN,HK,HK
CN,VN
PA,HK,BD,LK,HK,AT,MY,AF,AF,BD,BD,ID,BD,BD,HK,HK,HK,HK,KR,BD,AF,AF,PK,PK,AU,CN,BD,HK,BD,BD,NZ,US,TH
CN
CN,CN,CN
CN,CN
HK
CN,CN
CN,CN,CN,CN,CN,CN
GB,US,US
HK,HK
US
CN,CN,HK,HK
CN
CN,CN,CN,CN
CN,CN,CN,CN,CN
CN,CN,CN
US
US,CN
HK
US,US
US
HK
CN
US,CN
HK
CN
HK,HK
HK,US,HK,US
HK,HK
CN,CN
CN
HK
CN
HK
US,HK
HK
HK
GB
CN
US,HK
HK,US
HK,HK
HK
US,HK
MY
US
SG
KR
HK,US,CN
CN,HK,US
CN
HK,JP
CN
CN,HK
HK,HK
HK
CN,US
HK,HK,HK
HK
CN
HK
US
US
US,US
HK
HK,HK
HK
SG
HK,HK
HK,HK
CN
CN,CN,US
CN
CN
US,HK,HK
HK
CN,CN
HK,HK,KR
HK
US
HK
CN
CN
HK
HK
HK
CN
HK,HK
HK,JP
CN
HK,US
US
HK,HK
HK
CN
CN
US,US
HK,HK
HK,HK
CN,US,CN
HK
HK,HK
HK,HK
CN
SG,GB
HK
US
GB
US
CN,CN
HK,CN
US,GB,HK
HK
GB,US
CN,CN
CN,US,CN
CN
HK,HK
HK,HK
HK
CN
CN,HK
HK,MY
CN,JP
HK,HK
HK
CN
DE,DE
US
CN
CN
HK
CN
CN,NL
HK,HK
HK,HK
HK,US
CN
HK,HK
US
HK
CN
HK
HK,CN
CN
HK,US
CN
CA
HK
HK,HK
CN
KR,HK
HK
US,US
HK
TW
HK
CN
UA
AU
CA
HK
US,CN
CN
