.aaa,generic,"American Automobile Association, Inc.",156.154.158.2,AS19905
.aarp,generic,AARP,192.42.175.30,AS27544
.abarth,generic,Fiat Chrysler Automobiles N.V.,65.22.25.17,AS12041
.abb,generic,ABB Ltd,192.42.175.30,AS27544
.abbott,generic,"Abbott Laboratories, Inc.",65.22.157.41,AS12041
.abbvie,generic,AbbVie Inc.,213.248.219.41,AS43519
.abc,generic,"Disney Enterprises, Inc.",,AS27544
.able,generic,Able Inc.,156.154.159.3,AS19905
.abogado,generic,"Registry Services, LLC",213.248.217.13,AS43519
.abudhabi,generic,Abu Dhabi Systems and Information Centre,37.209.194.10,AS12008
.ac,country-code,Internet Computer Bureau Limited,65.22.162.1,AS12041
.academy,generic,"Binky Moon, LLC",37.209.192.7,AS12008
.accenture,generic,Accenture plc,192.42.175.30,AS27544
.accountant,generic,dot Accountant Limited,156.154.159.195,AS19905
.accountants,generic,"Binky Moon, LLC",37.209.192.7,AS12008
.aco,generic,ACO Severin Ahlmann GmbH & Co. KG,194.0.25.32,AS1921
.actor,generic,"Dog Beach, LLC",37.209.192.7,AS12008
.ad,country-code,Andorra Telecom,192.134.0.49,AS2486
.adac,generic,Allgemeiner Deutscher Automobil-Club e.V. (ADAC),212.18.248.74,AS201304
.ads,generic,Charleston Road Registry Inc.,216.239.32.105,AS15169
.adult,generic,ICM Registry AD LLC,37.209.192.10,AS12008
.ae,country-code,Telecommunications and Digital Government Regulatory Authority (TDRA),79.98.120.73,AS47201
.aeg,generic,Aktiebolaget Electrolux,192.42.175.30,AS27544
.aero,sponsored,Societe Internationale de Telecommunications Aeronautique (SITA INC USA),199.254.52.1,AS12041
.aetna,generic,Aetna Life Insurance Company,156.154.159.5,AS19905
.af,country-code,Ministry of Communications and IT,204.61.216.13,AS42
.afamilycompany,generic,"Johnson Shareholdings, Inc.",,AS27544
.afl,generic,Australian Football League,37.209.194.9,AS12008
.africa,generic,ZA Central Registry NPC trading as Registry.Africa,206.223.136.200,AS6968
.ag,country-code,UHSA School of Medicine,199.254.59.1,AS12041
.agakhan,generic,Fondation Aga Khan (Aga Khan Foundation),65.22.46.1,AS12041
.agency,generic,"Binky Moon, LLC",37.209.192.7,AS12008
.ai,country-code,Government of Anguilla,204.61.216.123,AS42
.aig,generic,"American International Group, Inc.",156.154.158.6,AS19905
.airbus,generic,Airbus S.A.S.,192.42.175.30,AS27544
.airforce,generic,"Dog Beach, LLC",37.209.192.7,AS12008
.airtel,generic,Bharti Airtel Limited,192.42.175.30,AS27544
.akdn,generic,Fondation Aga Khan (Aga Khan Foundation),65.22.45.17,AS12041
.al,country-code,Electronic and Postal Communications Authority - AKEP,194.1.149.230,AS42409
.alfaromeo,generic,Fiat Chrysler Automobiles N.V.,65.22.125.17,AS12041
.alibaba,generic,Alibaba Group Holding Limited,65.22.132.9,AS12041
.alipay,generic,Alibaba Group Holding Limited,65.22.128.25,AS12041
.allfinanz,generic,Allfinanz Deutsche Vermögensberatung Aktiengesellschaft,194.169.218.75,AS199330
.allstate,generic,Allstate Fire and Casualty Insurance Company,,AS12041
.ally,generic,Ally Financial Inc.,37.209.194.9,AS12008
.alsace,generic,REGION GRAND EST,194.0.9.1,AS2484
.alstom,generic,ALSTOM,195.253.65.11,AS8391
.am,country-code,"""Internet Society"" Non-governmental Organization",194.0.1.26,AS42909
.amazon,generic,"Amazon Registry Services, Inc.",43.230.50.90,AS43519
.americanexpress,generic,"American Express Travel Related Services Company, Inc.",,AS19905
.americanfamily,generic,"AmFam, Inc.",192.42.175.30,AS27544
.amex,generic,"American Express Travel Related Services Company, Inc.",156.154.158.10,AS19905
.amfam,generic,"AmFam, Inc.",192.42.175.30,AS27544
.amica,generic,Amica Mutual Insurance Company,156.154.159.11,AS19905
.amsterdam,generic,Gemeente Amsterdam,194.146.106.134,AS8674
.analytics,generic,Campus IP LLC,156.154.145.12,AS19905
.android,generic,Charleston Road Registry Inc.,216.239.32.105,AS15169
.anquan,generic,QIHOO 360 TECHNOLOGY CO. LTD.,103.61.63.1,AS63582
.anz,generic,Australia and New Zealand Banking Group Limited,37.209.196.9,AS12008
.ao,country-code,Ministry of Telecommunications and Information Technologies (MTTI),204.61.216.113,AS42
.aol,generic,OATH Inc.,192.42.175.30,AS27544
.apartments,generic,"Binky Moon, LLC",37.209.192.7,AS12008
.app,generic,Charleston Road Registry Inc.,216.239.32.105,AS15169
.apple,generic,Apple Inc.,65.22.61.1,AS12041
.aq,country-code,Antarctica Network Information Centre Limited,202.46.190.131,AS23869
.aquarelle,generic,Aquarelle.com,194.0.9.1,AS2484
.ar,country-code,Presidencia de la Nación – Secretaría Legal y Técnica,193.0.9.59,AS197000
.arab,generic,League of Arab States,37.209.194.10,AS12008
.aramco,generic,Aramco Services Company,156.154.157.14,AS19905
.archi,generic,Afilias Limited,65.22.87.1,AS207266
.army,generic,"Dog Beach, LLC",37.209.192.7,AS12008
.arpa,infrastructure,Internet Architecture Board (IAB),198.41.0.4,AS36625
.art,generic,UK Creative Ideas Limited,194.169.218.49,AS199330
.arte,generic,Association Relative à la Télévision Européenne G.E.I.E.,192.42.175.30,AS27544
.as,country-code,AS Domain Registry,204.61.216.111,AS42
.asda,generic,"Wal-Mart Stores, Inc.",192.42.175.30,AS27544
.asia,sponsored,DotAsia Organisation Ltd.,199.19.55.1,AS12041
.associates,generic,"Binky Moon, LLC",37.209.192.7,AS12008
.at,country-code,nic.at GmbH,78.104.144.2,AS1853
.athleta,generic,"The Gap, Inc.",156.154.158.16,AS19905
.attorney,generic,"Dog Beach, LLC",37.209.192.7,AS12008
.au,country-code,.au Domain Administration (auDA),58.65.254.73,AS38332
.auction,generic,"Dog Beach, LLC",37.209.192.7,AS12008
.audi,generic,AUDI Aktiengesellschaft,65.22.210.17,AS12041
.audible,generic,"Amazon Registry Services, Inc.",103.49.82.56,AS43519
.audio,generic,UNR Corp.,64.96.1.1,AS62831
.auspost,generic,Australian Postal Corporation,37.209.192.9,AS12008
.author,generic,"Amazon Registry Services, Inc.",213.248.222.60,AS43519
.auto,generic,XYZ.COM LLC,212.18.248.131,AS201304
.autos,generic,XYZ.COM LLC,,AS60890
.avianca,generic,Avianca Holdings S.A.,65.22.83.17,AS207266
.aw,country-code,SETAR,194.0.28.2,AS48283
.aws,generic,AWS Registry LLC,213.248.222.53,AS43519
.ax,country-code,Ålands landskapsregering,194.112.0.5,AS3238
.axa,generic,AXA Group Operations SAS,156.154.145.20,AS19905
.az,country-code,IntraNS,147.28.0.39,AS3130
.azure,generic,Microsoft Corporation,192.42.175.30,AS27544
.ba,country-code,Universtiy Telinformatic Centre (UTIC),195.130.35.5,AS8670
.baby,generic,XYZ.COM LLC,185.24.64.101,AS60890
.baidu,generic,"Baidu, Inc.",203.99.27.1,AS38345
.banamex,generic,Citigroup Inc.,156.154.158.21,AS19905
.bananarepublic,generic,"The Gap, Inc.",156.154.159.22,AS19905
.band,generic,"Dog Beach, LLC",37.209.192.7,AS12008
.bank,generic,"fTLD Registry Services, LLC",156.154.103.27,AS397213
.bar,generic,Punto 2012 Sociedad Anonima Promotora de Inversion de Capital Variable,212.18.249.56,AS201303
.barcelona,generic,Municipi de Barcelona,195.253.65.11,AS8391
.barclaycard,generic,Barclays Bank PLC,37.209.198.9,AS12008
.barclays,generic,Barclays Bank PLC,37.209.192.9,AS12008
.barefoot,generic,"Gallo Vineyards, Inc.",192.42.175.30,AS27544
.bargains,generic,"Binky Moon, LLC",37.209.192.7,AS12008
.baseball,generic,"MLB Advanced Media DH, LLC",,
.basketball,generic,Fédération Internationale de Basketball (FIBA),37.209.194.10,AS12008
.bauhaus,generic,Werkhaus GmbH,195.253.65.11,AS8391
.bayern,generic,Bayern Connect GmbH,213.248.221.14,AS43519
.bb,country-code,"Government of Barbados
Ministry of Economic Affairs and Development
Telecommunications Unit",,AS13335
.bbc,generic,British Broadcasting Corporation,156.154.103.3,AS397213
.bbt,generic,BB&T Corporation,192.42.175.30,AS27544
.bbva,generic,"BANCO BILBAO VIZCAYA ARGENTARIA, S.A.",103.49.83.44,AS43519
.bcg,generic,"The Boston Consulting Group, Inc.",65.22.216.25,AS12041
.bcn,generic,Municipi de Barcelona,195.253.65.11,AS8391
.bd,country-code,Posts and Telecommunications Division,123.49.12.112,AS17494
.be,country-code,DNS Belgium vzw/asbl,194.0.25.36,AS1921
.beats,generic,"Beats Electronics, LLC",65.22.60.9,AS12041
.beauty,generic,XYZ.COM LLC,,AS199330
.beer,generic,"Registry Services, LLC",156.154.100.3,AS397220
.bentley,generic,Bentley Motors Limited,156.154.100.3,AS397220
.berlin,generic,dotBERLIN GmbH & Co. KG,194.0.25.16,AS1921
.best,generic,BestTLD Pty Ltd,212.18.248.109,AS201304
.bestbuy,generic,"BBY Solutions, Inc.",65.22.219.9,AS207266
.bet,generic,Afilias Limited,65.22.36.17,AS12041
.bf,country-code,ARCE-AutoritÈ de RÈgulation des Communications Electroniques,212.52.146.50,AS25543
.bg,country-code,Register.BG,192.92.129.99,AS3245
.bh,country-code,Telecommunications Regulatory Authority (TRA),,AS201303
.bharti,generic,Bharti Enterprises (Holding) Private Limited,192.42.175.30,AS27544
.bi,country-code,Centre National de l'Informatique,196.2.8.205,AS25429
.bible,generic,American Bible Society,156.154.170.100,AS397213
.bid,generic,dot Bid Limited,156.154.157.25,AS19905
.bike,generic,"Binky Moon, LLC",37.209.192.7,AS12008
.bing,generic,Microsoft Corporation,192.42.175.30,AS27544
.bingo,generic,"Binky Moon, LLC",37.209.192.7,AS12008
.bio,generic,Afilias Limited,,AS12041
.biz,generic-restricted,"Registry Services, LLC",156.154.124.65,AS397220
.bj,country-code,Autorité de Régulation des Communications Electroniques et de la Poste du Bénin (ARCEP BENIN),154.65.28.218,AS328098
.black,generic,Afilias Limited,65.22.68.33,AS12041
.blackfriday,generic,UNR Corp.,64.96.1.1,AS62831
.blockbuster,generic,Dish DBS Corporation,65.22.95.25,AS207266
.blog,generic,"Knock Knock WHOIS There, LLC",,AS201304
.bloomberg,generic,Bloomberg IP Holdings LLC,192.42.175.30,AS27544
.blue,generic,Afilias Limited,65.22.29.9,AS12041
.bm,country-code,"Registry General Department, Ministry of Home Affairs",199.249.124.9,AS207266
.bms,generic,Bristol-Myers Squibb Company,192.42.175.30,AS27544
.bmw,generic,Bayerische Motoren Werke Aktiengesellschaft,185.24.64.76,AS60890
.bn,country-code,Authority for Info-communications Technology Industry of Brunei Darussalam (AITI),194.0.1.33,AS42909
.bnpparibas,generic,BNP Paribas,65.22.67.9,AS207266
.bo,country-code,Agencia para el Desarrollo de la Información de la Sociedad en Bolivia,204.61.216.48,AS42
.boats,generic,XYZ.COM LLC,212.18.248.134,AS201304
.boehringer,generic,Boehringer Ingelheim International GmbH,65.22.191.17,AS207266
.bofa,generic,Bank of America Corporation,192.42.175.30,AS27544
.bom,generic,Núcleo de Informação e Coordenação do Ponto BR - NIC.br,200.192.233.10,AS11284
.bond,generic,Shortdot SA,194.169.218.85,AS199330
.boo,generic,Charleston Road Registry Inc.,216.239.32.105,AS15169
.book,generic,"Amazon Registry Services, Inc.",103.49.82.61,
.booking,generic,Booking.com B.V.,156.154.158.27,AS19905
.bosch,generic,Robert Bosch GMBH,192.42.175.30,AS27544
.bostik,generic,Bostik SA,194.0.9.1,AS2484
.boston,generic,"Boston TLD Management, LLC",156.154.103.3,AS397213
.bot,generic,"Amazon Registry Services, Inc.",213.248.218.55,AS43519
.boutique,generic,"Binky Moon, LLC",37.209.192.7,AS12008
.box,generic,Intercap Registry Inc.,212.18.248.139,AS201304
.br,country-code,Comite Gestor da Internet no Brasil,200.219.148.10,AS53035
.bradesco,generic,Banco Bradesco S.A.,213.248.217.37,AS43519
.bridgestone,generic,Bridgestone Corporation,37.209.192.4,AS12008
.broadway,generic,"Celebrate Broadway, Inc.",156.154.100.3,AS397220
.broker,generic,"Dog Beach, LLC",37.209.192.7,AS12008
.brother,generic,"Brother Industries, Ltd.",37.209.192.4,AS12008
.brussels,generic,DNS.be vzw,194.0.25.14,AS1921
.bs,country-code,University of The Bahamas,204.61.216.4,AS42
.bt,country-code,Ministry of Information and Communications,198.6.1.65,AS701
.budapest,generic,Minds + Machines Group Limited,156.154.101.3,AS397213
.bugatti,generic,Bugatti International SA,65.22.211.9,AS207266
.build,generic,Plan Bee LLC,194.169.218.20,AS199330
.builders,generic,"Binky Moon, LLC",37.209.192.7,AS12008
.business,generic,"Binky Moon, LLC",37.209.192.7,AS12008
.buy,generic,"Amazon Registry Services, INC",213.248.218.62,AS43519
.buzz,generic,DOTSTRATEGY CO.,156.154.158.29,AS19905
.bv,country-code,Norid A/S,128.39.2.22,AS224
.bw,country-code,Botswana Communications Regulatory Authority (BOCRA),196.216.168.72,AS37177
.by,country-code,"Reliable Software, Ltd.",37.48.67.249,AS60781
.bz,country-code,University of Belize,199.254.59.1,AS12041
.bzh,generic,Association www.bzh,194.0.9.1,AS2484
.ca,country-code,Canadian Internet Registration Authority (CIRA) Autorité Canadienne pour les enregistrements Internet (ACEI),,
.cab,generic,"Binky Moon, LLC",37.209.192.7,AS12008
.cafe,generic,"Binky Moon, LLC",37.209.192.7,AS12008
.cal,generic,Charleston Road Registry Inc.,216.239.32.105,AS15169
.call,generic,"Amazon Registry Services, Inc.",213.248.218.63,AS43519
.calvinklein,generic,PVH gTLD Holdings LLC,156.154.157.31,AS19905
.cam,generic,AC Webconnecting Holding B.V.,212.18.248.77,AS201304
.camera,generic,"Binky Moon, LLC",37.209.192.7,AS12008
.camp,generic,"Binky Moon, LLC",37.209.192.7,AS12008
.cancerresearch,generic,Australian Cancer Research Foundation,37.209.198.9,AS12008
.canon,generic,Canon Inc.,37.209.192.4,AS12008
.capetown,generic,ZA Central Registry NPC trading as ZA Central Registry,206.223.136.200,AS6968
.capital,generic,"Binky Moon, LLC",37.209.192.7,AS12008
.capitalone,generic,Capital One Financial Corporation,192.42.175.30,AS27544
.car,generic,XYZ.COM LLC,194.169.218.130,AS199330
.caravan,generic,"Caravan International, Inc.",156.154.145.32,AS19905
.cards,generic,"Binky Moon, LLC",37.209.192.7,AS12008
.care,generic,"Binky Moon, LLC",37.209.192.7,AS12008
.career,generic,dotCareer LLC,156.154.100.3,AS397220
.careers,generic,"Binky Moon, LLC",37.209.192.7,AS12008
.cars,generic,XYZ.COM LLC,194.169.218.129,AS199330
.casa,generic,"Registry Services, LLC",213.248.217.18,AS43519
.case,generic,CNH Industrial N.V.,212.18.248.140,AS201304
.cash,generic,"Binky Moon, LLC",,AS12008
.casino,generic,"Binky Moon, LLC",37.209.192.7,AS12008
.cat,sponsored,Fundacio puntCAT,84.88.0.162,AS13041
.catering,generic,"Binky Moon, LLC",,
.catholic,generic,Pontificium Consilium de Comunicationibus Socialibus (PCCS) (Pontifical Council for Social Communication),37.209.196.9,AS12008
.cba,generic,COMMONWEALTH BANK OF AUSTRALIA,37.209.194.9,AS12008
.cbn,generic,"The Christian Broadcasting Network, Inc.",156.154.159.35,AS19905
.cbre,generic,"CBRE, Inc.",156.154.156.36,AS19905
.cbs,generic,CBS Domains Inc.,65.22.68.9,AS12041
.cc,country-code,"eNIC Cocos (Keeling) Islands Pty.
Ltd. d/b/a Island Internet Services",192.42.175.30,AS27544
.cd,country-code,Office Congolais des Postes et Télécommunications - OCPT,161.97.87.130,AS51167
.center,generic,"Binky Moon, LLC",37.209.192.7,AS12008
.ceo,generic,CEOTLD Pty Ltd,212.18.248.78,AS201304
.cern,generic,"European Organization for Nuclear Research (""CERN"")",65.22.225.1,AS12041
.cf,country-code,Societe Centrafricaine de Telecommunications (SOCATEL),185.21.168.17,AS61005
.cfa,generic,CFA Institute,192.42.175.30,AS27544
.cfd,generic,DOTCFD REGISTRY LTD,212.18.249.122,AS201303
.cg,country-code,Interpoint Switzerland,192.36.125.2,AS1653
.ch,country-code,SWITCH The Swiss Education & Research Network,,AS559
.chanel,generic,Chanel International B.V.,192.42.175.30,AS27544
.channel,generic,Charleston Road Registry Inc.,216.239.32.105,AS15169
.charity,generic,"Binky Moon, LLC",37.209.192.7,AS12008
.chase,generic,"JPMorgan Chase Bank, National Association",156.154.156.39,AS19905
.chat,generic,"Binky Moon, LLC",37.209.192.7,AS12008
.cheap,generic,"Binky Moon, LLC",37.209.192.7,AS12008
.chintai,generic,CHINTAI Corporation,156.154.157.40,AS19905
.christmas,generic,UNR Corp.,,
.chrome,generic,Charleston Road Registry Inc.,,AS15169
.church,generic,"Binky Moon, LLC",37.209.192.7,AS12008
.ci,country-code,Autorité de Régulation des Télécommunications/TIC de Côte d’lvoire (ARTCI),192.134.0.49,AS2486
.cipriani,generic,Hotel Cipriani Srl,65.22.238.41,AS12041
.circle,generic,"Amazon Registry Services, Inc.",103.49.82.64,AS43519
.cisco,generic,"Cisco Technology, Inc.",156.154.144.44,AS19905
.citadel,generic,Citadel Domain LLC,156.154.159.45,AS19905
.citi,generic,Citigroup Inc.,156.154.145.213,AS19905
.citic,generic,CITIC Group Corporation,2401:8d00:1:0:0:0:0:1,AS38345
.city,generic,"Binky Moon, LLC",37.209.192.7,AS12008
.cityeats,generic,"Lifestyle Domain Holdings, Inc.",192.42.175.30,AS27544
.ck,country-code,Telecom Cook Islands Ltd.,130.195.5.12,AS23905
.cl,country-code,NIC Chile (University of Chile),190.124.27.10,AS52304
.claims,generic,"Binky Moon, LLC",37.209.192.7,AS12008
.cleaning,generic,"Binky Moon, LLC",37.209.192.7,AS12008
.click,generic,UNR Corp.,64.96.1.1,AS62831
.clinic,generic,"Binky Moon, LLC",37.209.192.7,AS12008
.clinique,generic,The Estée Lauder Companies Inc.,65.22.55.41,AS207266
.clothing,generic,"Binky Moon, LLC",37.209.192.7,AS12008
.cloud,generic,ARUBA PEC S.p.A.,37.209.192.10,AS12008
.club,generic,"Registry Services, LLC",156.154.145.215,AS19905
.clubmed,generic,Club Méditerranée S.A.,192.42.175.30,AS27544
.cm,country-code,Cameroon Telecommunications (CAMTEL),198.6.1.82,AS701
.cn,country-code,China Internet Network Information Center (CNNIC),202.112.0.44,AS4538
.co,country-code,Ministry of Information and Communications Technologies (MinTIC),37.209.192.14,AS12008
.coach,generic,"Binky Moon, LLC",37.209.192.7,AS12008
.codes,generic,"Binky Moon, LLC",37.209.192.7,AS12008
.coffee,generic,"Binky Moon, LLC",37.209.192.7,AS12008
.college,generic,XYZ.COM LLC,194.169.218.44,AS199330
.cologne,generic,dotKoeln GmbH,193.56.204.153,AS199216
.com,generic,VeriSign Global Registry Services,192.5.6.30,AS26415
.comcast,generic,"Comcast IP Holdings I, LLC",,AS43519
.commbank,generic,COMMONWEALTH BANK OF AUSTRALIA,37.209.194.9,AS12008
.community,generic,"Binky Moon, LLC",37.209.192.7,AS12008
.company,generic,"Binky Moon, LLC",37.209.192.7,AS12008
.compare,generic,"Registry Services, LLC",37.209.198.9,AS12008
.computer,generic,"Binky Moon, LLC",37.209.192.7,AS12008
.comsec,generic,"VeriSign, Inc.",192.42.175.30,AS27544
.condos,generic,"Binky Moon, LLC",37.209.192.7,AS12008
.construction,generic,"Binky Moon, LLC",37.209.192.7,AS12008
.consulting,generic,"Dog Beach, LLC",37.209.192.7,AS12008
.contact,generic,"Dog Beach, LLC",37.209.192.7,AS12008
.contractors,generic,"Binky Moon, LLC",37.209.192.7,AS12008
.cooking,generic,"Registry Services, LLC",156.154.100.3,AS397220
.cookingchannel,generic,"Lifestyle Domain Holdings, Inc.",192.42.175.30,AS27544
.cool,generic,"Binky Moon, LLC",37.209.192.7,AS12008
.coop,sponsored,DotCooperation LLC,185.24.64.64,AS60890
.corsica,generic,Collectivité de Corse,194.0.9.1,AS2484
.country,generic,Top Level Domain Holdings Limited,64.96.1.1,AS62831
.coupon,generic,"Amazon Registry Services, Inc.",156.154.157.217,AS19905
.coupons,generic,"Binky Moon, LLC",37.209.192.7,AS12008
.courses,generic,OPEN UNIVERSITIES AUSTRALIA PTY LTD,,AS12008
.cpa,generic,American Institute of Certified Public Accountants,37.209.192.9,AS12008
.cr,country-code,"National Academy of Sciences
Academia Nacional de Ciencias",,AS42
.credit,generic,"Binky Moon, LLC",37.209.192.7,AS12008
.creditcard,generic,"Binky Moon, LLC",37.209.192.7,AS12008
.creditunion,generic,"DotCooperation, LLC",64.96.1.1,AS62831
.cricket,generic,dot Cricket Limited,156.154.157.220,AS19905
.crown,generic,Crown Equipment Corporation,192.42.175.30,AS27544
.crs,generic,Federated Co-operatives Limited,192.42.175.30,AS27544
.cruise,generic,Viking River Cruises (Bermuda) Ltd.,65.22.192.25,AS12041
.cruises,generic,"Binky Moon, LLC",37.209.192.7,AS12008
.csc,generic,"Alliance-One Services, Inc.",,AS27544
.cu,country-code,"CENIAInternet
Industria y San Jose
Capitolio Nacional",169.158.128.136,AS10569
.cuisinella,generic,SCHMIDT GROUPE S.A.S.,37.209.198.9,AS12008
.cv,country-code,Agência Reguladora Multissectorial da Economia (ARME),41.221.192.220,AS37517
.cw,country-code,University of Curacao,193.0.9.86,AS197000
.cx,country-code,Christmas Island Domain Administration Limited,204.61.216.16,AS42
.cy,country-code,University of Cyprus,139.91.191.3,AS8522
.cymru,generic,Nominet UK,156.154.103.3,AS397213
.cyou,generic,Shortdot SA,212.18.249.120,AS201303
.cz,country-code,"CZ.NIC, z.s.p.o",194.0.12.1,AS25192
.dabur,generic,Dabur India Limited,65.22.182.25,AS12041
.dad,generic,Charleston Road Registry Inc.,216.239.32.105,AS15169
.dance,generic,"Dog Beach, LLC",,AS12008
.data,generic,Dish DBS Corporation,65.22.96.25,AS12041
.date,generic,dot Date Limited,156.154.158.46,AS19905
.dating,generic,"Binky Moon, LLC",37.209.192.7,AS12008
.datsun,generic,"NISSAN MOTOR CO., LTD.",37.209.192.4,AS12008
.day,generic,Charleston Road Registry Inc.,216.239.32.105,AS15169
.dclk,generic,Charleston Road Registry Inc.,216.239.32.105,AS15169
.dds,generic,"Registry Services, LLC",213.248.221.20,AS43519
.de,country-code,DENIC eG,194.0.0.53,AS31529
.deal,generic,"Amazon Registry Services, Inc.",103.49.82.65,AS43519
.dealer,generic,Intercap Registry Inc.,185.24.64.138,AS60890
.deals,generic,"Binky Moon, LLC",37.209.192.7,AS12008
.degree,generic,"Dog Beach, LLC",37.209.192.7,AS12008
.delivery,generic,"Binky Moon, LLC",37.209.192.7,AS12008
.dell,generic,Dell Inc.,156.154.158.47,AS19905
.deloitte,generic,Deloitte Touche Tohmatsu,194.169.218.80,AS199330
.delta,generic,"Delta Air Lines, Inc.",65.22.226.25,AS12041
.democrat,generic,"Dog Beach, LLC",37.209.192.7,AS12008
.dental,generic,"Binky Moon, LLC",37.209.192.7,AS12008
.dentist,generic,"Dog Beach, LLC",37.209.192.7,AS12008
.desi,generic,Desi Networks LLC,185.24.64.81,AS60890
.design,generic,"Registry Services, LLC",194.169.218.59,AS199330
.dev,generic,Charleston Road Registry Inc.,216.239.32.105,AS15169
.dhl,generic,Deutsche Post AG,194.169.218.82,AS199330
.diamonds,generic,"Binky Moon, LLC",37.209.192.7,AS12008
.diet,generic,UNR Corp.,64.96.1.1,AS62831
.digital,generic,"Binky Moon, LLC",37.209.192.7,AS12008
.direct,generic,"Binky Moon, LLC",,AS12008
.directory,generic,"Binky Moon, LLC",37.209.192.7,AS12008
.discount,generic,"Binky Moon, LLC",,
.discover,generic,Discover Financial Services,156.154.156.48,AS19905
.dish,generic,Dish DBS Corporation,65.22.90.33,AS12041
.diy,generic,"Lifestyle Domain Holdings, Inc.",192.42.175.30,AS27544
.dj,country-code,Djibouti Telecom S.A,196.201.196.41,AS30990
.dk,country-code,Dansk Internet Forum,193.163.102.222,AS39839
.dm,country-code,DotDM Corporation,199.127.196.35,AS40945
.dnp,generic,"Dai Nippon Printing Co., Ltd.",37.209.192.4,AS12008
.do,country-code,"Pontificia Universidad Catolica Madre y Maestra
Recinto Santo Tomas de Aquino",190.113.72.177,AS262178
.docs,generic,Charleston Road Registry Inc.,216.239.32.105,AS15169
.doctor,generic,"Binky Moon, LLC",37.209.192.7,AS12008
.dog,generic,"Binky Moon, LLC",37.209.192.7,AS12008
.domains,generic,"Binky Moon, LLC",37.209.192.7,AS12008
.dot,generic,Dish DBS Corporation,65.22.94.1,AS12041
.download,generic,dot Support Limited,156.154.158.50,AS19905
.drive,generic,Charleston Road Registry Inc.,216.239.32.105,AS15169
.dtv,generic,Dish DBS Corporation,65.22.231.1,AS207266
.dubai,generic,Dubai Smart Government Department,37.209.194.10,AS12008
.duck,generic,"Johnson Shareholdings, Inc.",192.42.175.30,AS27544
.dunlop,generic,The Goodyear Tire & Rubber Company,65.22.122.33,AS12041
.dupont,generic,E. I. du Pont de Nemours and Company,156.154.157.52,AS19905
.durban,generic,ZA Central Registry NPC trading as ZA Central Registry,206.223.136.200,AS6968
.dvag,generic,Deutsche Vermögensberatung Aktiengesellschaft DVAG,185.24.64.84,AS60890
.dvr,generic,Hughes Satellite Systems Corporation,65.22.109.17,AS12041
.dz,country-code,CERIST,193.194.64.242,AS3208
.earth,generic,"Interlink Co., Ltd.",156.154.158.230,AS19905
.eat,generic,Charleston Road Registry Inc.,216.239.32.105,AS15169
.ec,country-code,ECUADORDOMAIN S.A.,200.12.199.1,AS52274
.eco,generic,Big Room Inc.,65.22.219.17,AS207266
.edeka,generic,EDEKA Verband kaufmännischer Genossenschaften e.V.,65.22.17.25,
.edu,sponsored,EDUCAUSE,192.5.6.30,AS26415
.education,generic,"Binky Moon, LLC",37.209.192.7,AS12008
.ee,country-code,Eesti Interneti Sihtasutus (EIS),195.43.87.10,AS51349
.eg,country-code,"Egyptian Universities Network (EUN)
Supreme Council of Universities",193.227.1.1,AS2561
.email,generic,"Binky Moon, LLC",37.209.192.7,AS12008
.emerck,generic,Merck KGaA,65.22.156.1,AS12041
.energy,generic,"Binky Moon, LLC",37.209.192.7,AS12008
.engineer,generic,"Dog Beach, LLC",37.209.192.7,AS12008
.engineering,generic,"Binky Moon, LLC",37.209.192.7,AS12008
.enterprises,generic,"Binky Moon, LLC",37.209.192.7,AS12008
.epson,generic,Seiko Epson Corporation,37.209.192.4,AS12008
.equipment,generic,"Binky Moon, LLC",37.209.192.7,AS12008
.er,country-code,Eritrea Telecommunication Services Corporation (EriTel),196.200.96.1,AS30987
.ericsson,generic,Telefonaktiebolaget L M Ericsson,192.42.175.30,AS27544
.erni,generic,ERNI Group Holding AG,195.253.65.11,AS8391
.es,country-code,Red.es,194.69.254.1,AS25354
.esq,generic,Charleston Road Registry Inc.,216.239.32.105,AS15169
.estate,generic,"Binky Moon, LLC",37.209.192.7,AS12008
.et,country-code,Ethio telecom,197.156.74.192,AS24757
.etisalat,generic,Emirates Telecommunications Corporation (trading as Etisalat),212.18.249.48,AS201303
.eu,country-code,EURid vzw/asbl,193.2.221.60,AS2107
.eurovision,generic,European Broadcasting Union (EBU),195.253.65.11,AS8391
.eus,generic,Puntueus Fundazioa,195.253.65.11,AS8391
.events,generic,"Binky Moon, LLC",37.209.192.7,AS12008
.exchange,generic,"Binky Moon, LLC",37.209.192.7,AS12008
.expert,generic,"Binky Moon, LLC",37.209.192.7,AS12008
.exposed,generic,"Binky Moon, LLC",37.209.192.7,AS12008
.express,generic,"Binky Moon, LLC",37.209.192.7,AS12008
.extraspace,generic,Extra Space Storage LLC,65.22.117.1,AS12041
.fage,generic,Fage International S.A.,65.22.159.33,AS207266
.fail,generic,"Binky Moon, LLC",37.209.192.7,AS12008
.fairwinds,generic,"FairWinds Partners, LLC",,AS27544
.faith,generic,dot Faith Limited,156.154.156.54,AS19905
.family,generic,"Dog Beach, LLC",37.209.192.7,AS12008
.fan,generic,"Dog Beach, LLC",37.209.192.7,AS12008
.fans,generic,ZDNS International Limited,194.169.218.39,AS199330
.farm,generic,"Binky Moon, LLC",37.209.192.7,AS12008
.farmers,generic,Farmers Insurance Exchange,156.154.156.55,AS19905
.fashion,generic,"Registry Services, LLC",213.248.217.21,AS43519
.fast,generic,"Amazon Registry Services, Inc.",213.248.218.66,AS43519
.fedex,generic,Federal Express Corporation,65.22.231.33,AS207266
.feedback,generic,"Top Level Spectrum, Inc.",194.169.218.50,AS199330
.ferrari,generic,Fiat Chrysler Automobiles N.V.,65.22.126.25,AS12041
.ferrero,generic,Ferrero Trading Lux S.A.,156.154.156.57,AS19905
.fi,country-code,Finnish Transport and Communications Agency Traficom,193.166.4.1,AS1741
.fiat,generic,Fiat Chrysler Automobiles N.V.,65.22.127.1,AS207266
.fidelity,generic,Fidelity Brokerage Services LLC,192.42.175.30,AS27544
.fido,generic,Rogers Communications Canada Inc.,65.22.108.41,AS12041
.film,generic,Motion Picture Domain Registry Pty Ltd,37.209.198.10,AS12008
.final,generic,Núcleo de Informação e Coordenação do Ponto BR - NIC.br,200.192.233.10,AS11284
.finance,generic,"Binky Moon, LLC",37.209.192.7,AS12008
.financial,generic,"Binky Moon, LLC",37.209.192.7,AS12008
.fire,generic,"Amazon Registry Services, Inc.",213.248.222.57,AS43519
.firestone,generic,"Bridgestone Licensing Services, Inc.",,AS12008
.firmdale,generic,Firmdale Holdings Limited,72.0.51.1,AS42
.fish,generic,"Binky Moon, LLC",37.209.192.7,AS12008
.fishing,generic,"Registry Services, LLC",156.154.101.3,AS397213
.fit,generic,"Registry Services, LLC",43.230.49.23,AS43519
.fitness,generic,"Binky Moon, LLC",,AS12008
.fj,country-code,"The University of the South Pacific
IT Services",185.28.194.194,AS60592
.fk,country-code,Falkland Islands Government,80.73.216.250,AS204649
.flickr,generic,"Flickr, Inc.",156.154.145.60,AS19905
.flights,generic,"Binky Moon, LLC",37.209.192.7,AS12008
.flir,generic,"FLIR Systems, Inc.",156.154.158.61,AS19905
.florist,generic,"Binky Moon, LLC",37.209.192.7,AS12008
.flowers,generic,UNR Corp.,64.96.1.1,AS62831
.fly,generic,Charleston Road Registry Inc.,216.239.32.105,AS15169
.fm,country-code,FSM Telecommunications Corporation,194.169.218.26,AS199330
.fo,country-code,FO Council,185.24.64.27,AS60890
.foo,generic,Charleston Road Registry Inc.,216.239.32.105,AS15169
.food,generic,"Lifestyle Domain Holdings, Inc.",192.42.175.30,AS27544
.foodnetwork,generic,"Lifestyle Domain Holdings, Inc.",192.42.175.30,AS27544
.football,generic,"Binky Moon, LLC",37.209.192.7,AS12008
.ford,generic,Ford Motor Company,,AS19905
.forex,generic,"Dog Beach, LLC",37.209.192.7,AS12008
.forsale,generic,"Dog Beach, LLC",,AS12008
.forum,generic,"Fegistry, LLC",212.18.249.65,AS201303
.foundation,generic,"Binky Moon, LLC",37.209.192.7,AS12008
.fox,generic,"FOX Registry, LLC",156.154.158.63,AS19905
.fr,country-code,Association Française pour le Nommage Internet en Coopération (A.F.N.I.C.),194.0.9.1,AS2484
.free,generic,"Amazon Registry Services, Inc.",213.248.222.67,AS43519
.fresenius,generic,Fresenius Immobilien-Verwaltungs-GmbH,212.18.248.86,AS201304
.frl,generic,FRLregistry B.V.,212.18.249.87,AS201303
.frogans,generic,OP3FT,65.22.191.1,AS207266
.frontdoor,generic,"Lifestyle Domain Holdings, Inc.",192.42.175.30,AS27544
.frontier,generic,Frontier Communications Corporation,156.154.157.64,AS19905
.ftr,generic,Frontier Communications Corporation,156.154.156.65,AS19905
.fujitsu,generic,Fujitsu Limited,37.209.192.4,AS12008
.fun,generic,Radix FZC,185.24.64.72,AS60890
.fund,generic,"Binky Moon, LLC",37.209.192.7,
.furniture,generic,"Binky Moon, LLC",37.209.192.7,AS12008
.futbol,generic,"Dog Beach, LLC",,AS12008
.fyi,generic,"Binky Moon, LLC",37.209.192.7,AS12008
.ga,country-code,Agence Nationale des Infrastructures Numériques et des Fréquences (ANINF),185.21.168.49,AS61005
.gal,generic,Asociación puntoGAL,195.253.65.11,AS8391
.gallery,generic,"Binky Moon, LLC",37.209.192.7,AS12008
.gallo,generic,"Gallo Vineyards, Inc.",192.42.175.30,AS27544
.gallup,generic,"Gallup, Inc.",65.22.168.17,AS12041
.game,generic,UNR Corp.,,AS62831
.games,generic,"Dog Beach, LLC",37.209.192.7,AS12008
.gap,generic,"The Gap, Inc.",156.154.156.66,AS19905
.garden,generic,"Registry Services, LLC",213.248.217.24,AS43519
.gay,generic,"Top Level Design, LLC",212.18.248.57,AS201304
.gb,country-code,Reserved Domain - IANA,137.39.1.3,AS701
.gbiz,generic,Charleston Road Registry Inc.,216.239.32.105,AS15169
.gd,country-code,The National Telecommunications Regulatory Commission (NTRC),212.18.249.88,AS201303
.gdn,generic,"Joint Stock Company ""Navigation-information systems""",194.0.25.18,AS1921
.ge,country-code,Caucasus Online LLC,212.72.130.11,AS20771
.gea,generic,GEA Group Aktiengesellschaft,194.0.24.13,AS201612
.gent,generic,Combell nv,212.18.248.89,AS201304
.genting,generic,Resorts World Inc. Pte. Ltd.,192.42.175.30,AS27544
.george,generic,"Wal-Mart Stores, Inc.",192.42.175.30,AS27544
.gf,country-code,CANAL+ TELECOM,213.188.172.1,AS21351
.gg,country-code,Island Networks Ltd.,194.146.106.86,AS8674
.ggee,generic,"GMO Internet, Inc.",37.209.192.4,AS12008
.gh,country-code,Network Computer Systems Limited,,AS37313
.gi,country-code,Sapphire Networks,199.254.59.1,AS12041
.gift,generic,"Uniregistry, Corp.",64.96.1.1,AS62831
.gifts,generic,"Binky Moon, LLC",37.209.192.7,AS12008
.gives,generic,"Dog Beach, LLC",37.209.192.7,AS12008
.giving,generic,Giving Limited,37.209.194.9,AS12008
.gl,country-code,TELE Greenland A/S,194.177.224.13,AS8818
.glade,generic,"Johnson Shareholdings, Inc.",192.42.175.30,AS27544
.glass,generic,"Binky Moon, LLC",37.209.192.7,AS12008
.gle,generic,Charleston Road Registry Inc.,216.239.32.105,AS15169
.global,generic,Dot Global Domain Registry Limited,,AS12041
.globo,generic,Globo Comunicação e Participações S.A,200.192.233.10,AS11284
.gm,country-code,GM-NIC,,AS12996
.gmail,generic,Charleston Road Registry Inc.,216.239.32.105,AS15169
.gmbh,generic,"Binky Moon, LLC",37.209.192.7,AS12008
.gmo,generic,"GMO Internet, Inc.",37.209.192.4,AS12008
.gmx,generic,1&1 Mail & Media GmbH,195.253.65.11,AS8391
.gn,country-code,Centre National des Sciences Halieutiques de Boussoura,147.28.0.39,AS3130
.godaddy,generic,"Go Daddy East, LLC",65.22.20.25,AS12041
.gold,generic,"Binky Moon, LLC",37.209.192.7,AS12008
.goldpoint,generic,"YODOBASHI CAMERA CO.,LTD.",37.209.192.4,AS12008
.golf,generic,"Binky Moon, LLC",37.209.192.7,AS12008
.goo,generic,NTT Resonant Inc.,37.209.192.4,AS12008
.goodyear,generic,The Goodyear Tire & Rubber Company,65.22.121.41,AS12041
.goog,generic,Charleston Road Registry Inc.,216.239.32.105,AS15169
.google,generic,Charleston Road Registry Inc.,216.239.32.105,AS15169
.gop,generic,"Republican State Leadership Committee, Inc.",156.154.101.3,AS397213
.got,generic,"Amazon Registry Services, Inc.",213.248.222.68,AS43519
.gov,sponsored,Cybersecurity and Infrastructure Security Agency,69.36.157.30,AS10515
.gp,country-code,Networking Technologies Group,,AS22150
.gq,country-code,GETESA,185.21.171.65,AS61007
.gr,country-code,ICS-FORTH GR,139.91.191.3,AS8522
.grainger,generic,"Grainger Registry Services, LLC",156.154.156.68,AS19905
.graphics,generic,"Binky Moon, LLC",37.209.192.7,AS12008
.gratis,generic,"Binky Moon, LLC",37.209.192.7,AS12008
.green,generic,Afilias Limited,65.22.33.9,AS12041
.gripe,generic,"Binky Moon, LLC",37.209.192.7,AS12008
.grocery,generic,"Wal-Mart Stores, Inc.",192.42.175.30,AS27544
.group,generic,"Binky Moon, LLC",37.209.192.7,AS12008
.gs,country-code,Government of South Georgia and South Sandwich Islands (GSGSSI),204.61.216.21,AS42
.gt,country-code,Universidad del Valle de Guatemala,,AS22548
.gu,country-code,University of Guam,128.223.32.35,AS3582
.guardian,generic,The Guardian Life Insurance Company of America,192.42.175.30,AS27544
.gucci,generic,Guccio Gucci S.p.a.,213.248.223.43,AS43519
.guge,generic,Charleston Road Registry Inc.,216.239.32.105,AS15169
.guide,generic,"Binky Moon, LLC",37.209.192.7,AS12008
.guitars,generic,UNR Corp.,64.96.1.1,AS62831
.guru,generic,"Binky Moon, LLC",37.209.192.7,AS12008
.gw,country-code,Autoridade Reguladora Nacional - Tecnologias de Informação e Comunicação da Guiné-Bissau,204.61.216.114,AS42
.gy,country-code,University of Guyana,204.61.216.34,AS42
.hair,generic,XYZ.COM LLC,212.18.248.117,AS201304
.hamburg,generic,Hamburg Top-Level-Domain GmbH,194.0.25.21,AS1921
.hangout,generic,Charleston Road Registry Inc.,216.239.32.105,AS15169
.haus,generic,"Dog Beach, LLC",37.209.192.7,AS12008
.hbo,generic,"HBO Registry Services, Inc.",156.154.158.70,AS19905
.hdfc,generic,HOUSING DEVELOPMENT FINANCE CORPORATION LIMITED,,AS12041
.hdfcbank,generic,HDFC Bank Limited,65.22.182.33,AS12041
.health,generic,"DotHealth, LLC",156.154.157.247,AS19905
.healthcare,generic,"Binky Moon, LLC",37.209.192.7,AS12008
.help,generic,UNR Corp.,64.96.1.1,AS62831
.helsinki,generic,City of Helsinki,65.22.222.33,AS12041
.here,generic,Charleston Road Registry Inc.,216.239.32.105,AS15169
.hermes,generic,Hermes International,65.22.235.25,AS207266
.hgtv,generic,"Lifestyle Domain Holdings, Inc.",192.42.175.30,AS27544
.hiphop,generic,UNR Corp.,64.96.1.1,AS62831
.hisamitsu,generic,"Hisamitsu Pharmaceutical Co.,Inc.",37.209.192.4,AS12008
.hitachi,generic,"Hitachi, Ltd.",37.209.192.4,AS12008
.hiv,generic,UNR Corp.,64.96.1.1,AS62831
.hk,country-code,Hong Kong Internet Registration Corporation Ltd.,194.146.106.70,AS8674
.hkt,generic,PCCW-HKT DataCom Services Limited,65.22.116.33,AS12041
.hm,country-code,HM Domain Registry,208.70.79.25,AS35916
.hn,country-code,Red de Desarrollo Sostenible Honduras,204.61.216.64,AS42
.hockey,generic,"Binky Moon, LLC",37.209.192.7,AS12008
.holdings,generic,"Binky Moon, LLC",37.209.192.7,AS12008
.holiday,generic,"Binky Moon, LLC",37.209.192.7,AS12008
.homedepot,generic,"Home Depot Product Authority, LLC",,AS207266
.homegoods,generic,"The TJX Companies, Inc.",156.154.157.73,AS19905
.homes,generic,XYZ.COM LLC,185.24.64.132,AS60890
.homesense,generic,"The TJX Companies, Inc.",156.154.145.74,AS19905
.honda,generic,"Honda Motor Co., Ltd.",37.209.192.4,AS12008
.horse,generic,"Registry Services, LLC",43.230.49.25,AS43519
.hospital,generic,"Binky Moon, LLC",37.209.192.7,AS12008
.host,generic,Radix FZC,185.24.64.53,AS60890
.hosting,generic,UNR Corp.,64.96.1.1,AS62831
.hot,generic,"Amazon Registry Services, Inc.",213.248.222.69,AS43519
.hoteles,generic,Travel Reservations SRL,156.154.173.2,AS397213
.hotels,generic,Booking.com B.V.,156.154.174.3,AS397213
.hotmail,generic,Microsoft Corporation,192.42.175.30,AS27544
.house,generic,"Binky Moon, LLC",37.209.192.7,AS12008
.how,generic,Charleston Road Registry Inc.,216.239.32.105,AS15169
.hr,country-code,CARNet - Croatian Academic and Research Network,161.53.160.100,AS2108
.hsbc,generic,HSBC Global Services (UK) Limited,156.154.156.76,AS19905
.ht,country-code,Consortium FDS/RDDH,192.134.0.49,AS2486
.hu,country-code,Council of Hungarian Internet Providers (CHIP),192.93.0.4,AS2486
.hughes,generic,Hughes Satellite Systems Corporation,,AS12041
.hyatt,generic,"Hyatt GTLD, L.L.C.",,AS19905
.hyundai,generic,Hyundai Motor Company,37.209.192.4,AS12008
.ibm,generic,International Business Machines Corporation,37.209.196.9,AS12008
.icbc,generic,Industrial and Commercial Bank of China Limited,,AS12041
.ice,generic,"IntercontinentalExchange, Inc.",,AS27544
.icu,generic,Shortdot SA,212.18.249.108,AS201303
.id,country-code,Perkumpulan Pengelola Nama Domain Internet Indonesia (PANDI),103.19.178.178,AS132647
.ie,country-code,"University College Dublin
Computing Services
Computer Centre",77.72.72.34,AS42310
.ieee,generic,IEEE Global LLC,156.154.156.79,AS19905
.ifm,generic,ifm electronic gmbh,195.253.65.11,AS8391
.ikano,generic,Ikano S.A.,194.0.26.7,AS201612
.il,country-code,The Israel Internet Association (RA),128.139.34.240,AS378
.im,country-code,Isle of Man Government,217.23.160.50,AS15766
.imamat,generic,Fondation Aga Khan (Aga Khan Foundation),65.22.44.9,AS12041
.imdb,generic,"Amazon Registry Services, Inc.",103.49.82.50,AS43519
.immo,generic,"Binky Moon, LLC",37.209.192.7,AS12008
.immobilien,generic,"Dog Beach, LLC",37.209.192.7,AS12008
.in,country-code,National Internet Exchange of India,156.154.101.20,AS397213
.inc,generic,Intercap Registry Inc.,212.18.248.137,AS201304
.industries,generic,"Binky Moon, LLC",37.209.192.7,AS12008
.infiniti,generic,"NISSAN MOTOR CO., LTD.",37.209.192.4,AS12008
.info,generic,Afilias Limited,199.254.31.1,AS12041
.ing,generic,Charleston Road Registry Inc.,216.239.32.105,AS15169
.ink,generic,"Top Level Design, LLC",212.18.249.41,AS201303
.institute,generic,"Binky Moon, LLC",37.209.192.7,AS12008
.insurance,generic,fTLD Registry Services LLC,156.154.105.22,AS397213
.insure,generic,"Binky Moon, LLC",,AS12008
.int,sponsored,Internet Assigned Numbers Authority,137.39.1.3,AS701
.international,generic,"Binky Moon, LLC",37.209.192.7,AS12008
.intuit,generic,"Intuit Administrative Services, Inc.",156.154.158.82,AS19905
.investments,generic,"Binky Moon, LLC",37.209.192.7,AS12008
.io,country-code,Internet Computer Bureau Limited,,AS12041
.ipiranga,generic,Ipiranga Produtos de Petroleo S.A.,156.154.156.83,AS19905
.iq,country-code,Communications and Media Commission (CMC),194.117.58.42,AS42
.ir,country-code,Institute for Research in Fundamental Sciences,193.171.255.77,AS1120
.irish,generic,"Binky Moon, LLC",37.209.192.7,AS12008
.is,country-code,ISNIC - Internet Iceland ltd.,130.208.16.20,AS15474
.ismaili,generic,Fondation Aga Khan (Aga Khan Foundation),65.22.47.25,AS207266
.ist,generic,Istanbul Metropolitan Municipality,65.22.146.1,AS12041
.istanbul,generic,Istanbul Metropolitan Municipality,65.22.146.9,AS12041
.it,country-code,IIT - CNR,192.12.192.5,AS2597
.itau,generic,Itau Unibanco Holding S.A.,156.154.158.84,AS19905
.itv,generic,ITV Services Limited,65.22.91.25,AS207266
.jaguar,generic,Jaguar Land Rover Ltd,192.42.175.30,AS27544
.java,generic,Oracle Corporation,192.42.175.30,AS27544
.jcb,generic,"JCB Co., Ltd.",37.209.192.4,AS12008
.je,country-code,Island Networks (Jersey) Ltd.,194.146.106.86,AS8674
.jeep,generic,FCA US LLC.,65.22.78.41,AS12041
.jetzt,generic,"Binky Moon, LLC",37.209.192.7,AS12008
.jewelry,generic,"Binky Moon, LLC",37.209.192.7,AS12008
.jio,generic,"Affinity Names, Inc.",,AS207266
.jll,generic,Jones Lang LaSalle Incorporated,65.22.150.9,AS12041
.jm,country-code,University of West Indies,196.2.1.6,AS3586
.jmp,generic,Matrix IP LLC,156.154.157.88,AS19905
.jnj,generic,"Johnson & Johnson Services, Inc.",156.154.159.89,AS19905
.jo,country-code,Ministry of Digital Economy and Entrepreneurship (MoDEE),193.188.66.103,AS8934
.jobs,sponsored,Employ Media LLC,156.154.101.3,AS397213
.joburg,generic,ZA Central Registry NPC trading as ZA Central Registry,206.223.136.200,AS6968
.jot,generic,"Amazon Registry Services, Inc.",213.248.222.70,AS43519
.joy,generic,"Amazon Registry Services, Inc.",213.248.218.71,AS43519
.jp,country-code,"Japan Registry Services Co., Ltd.",203.119.1.1,AS23774
.jpmorgan,generic,"JPMorgan Chase Bank, National Association",156.154.145.92,AS19905
.jprs,generic,"Japan Registry Services Co., Ltd.",117.104.133.16,AS2914
.juegos,generic,UNR Corp.,64.96.1.1,AS62831
.juniper,generic,"JUNIPER NETWORKS, INC.",192.42.175.30,AS27544
.kaufen,generic,"Dog Beach, LLC",37.209.192.7,AS12008
.kddi,generic,KDDI CORPORATION,37.209.192.4,AS12008
.ke,country-code,Kenya Network Information Center (KeNIC),196.1.4.130,AS36948
.kerryhotels,generic,Kerry Trading Co. Limited,192.42.175.30,AS27544
.kerrylogistics,generic,Kerry Trading Co. Limited,192.42.175.30,AS27544
.kerryproperties,generic,Kerry Trading Co. Limited,192.42.175.30,AS27544
.kfh,generic,Kuwait Finance House,194.169.218.43,AS199330
.kg,country-code,AsiaInfo Telecommunication Enterprise,195.38.160.36,AS8511
.kh,country-code,Telecommunication Regulator of Cambodia (TRC),203.189.128.1,AS23673
.ki,country-code,"Ministry of Communications, Transport, and Tourism Development",204.61.216.26,AS42
.kia,generic,KIA MOTORS CORPORATION,37.209.192.4,AS12008
.kim,generic,Afilias Limited,65.22.31.1,AS207266
.kinder,generic,Ferrero Trading Lux S.A.,,
.kindle,generic,"Amazon Registry Services, Inc.",,AS43519
.kitchen,generic,"Binky Moon, LLC",37.209.192.7,AS12008
.kiwi,generic,DOT KIWI LIMITED,185.159.198.1,AS394354
.km,country-code,Comores Telecom,197.255.224.66,AS36939
.kn,country-code,"Ministry of Finance, Sustainable Development Information & Technology",204.61.216.109,AS42
.koeln,generic,dotKoeln GmbH,193.56.204.153,AS199216
.komatsu,generic,Komatsu Ltd.,37.209.192.4,AS12008
.kosher,generic,Kosher Marketing Assets LLC,65.22.223.1,AS207266
.kp,country-code,Star Joint Venture Company,175.45.176.15,AS131279
.kpmg,generic,KPMG International Cooperative (KPMG International Genossenschaft),156.154.158.98,AS19905
.kpn,generic,Koninklijke KPN N.V.,194.169.218.90,AS199330
.kr,country-code,Korea Internet & Security Agency (KISA),,AS131098
.krd,generic,KRG Department of Information Technology,37.209.196.10,AS12008
.kred,generic,KredTLD Pty Ltd,212.18.248.79,AS201304
.kuokgroup,generic,Kerry Trading Co. Limited,192.42.175.30,AS27544
.kw,country-code,Communications and Information Technology Regulatory Authority,204.61.216.118,AS42
.ky,country-code,Utility Regulation and Competition Office (OfReg),64.96.1.1,AS62831
.kyoto,generic,Academic Institution: Kyoto Jyoho Gakuen,37.209.192.4,AS12008
.kz,country-code,Association of IT Companies of Kazakhstan,194.0.21.5,AS51833
.la,country-code,"Lao National Internet Committee (LANIC), Ministry of Posts and Telecommunications",194.169.218.14,AS199330
.lacaixa,generic,CAIXA D'ESTALVIS I PENSIONS DE BARCELONA,195.253.65.11,AS8391
.lamborghini,generic,Automobili Lamborghini S.p.A.,65.22.210.33,AS12041
.lamer,generic,The Estée Lauder Companies Inc.,65.22.53.25,AS12041
.lancaster,generic,LANCASTER,194.0.9.1,AS2484
.lancia,generic,Fiat Chrysler Automobiles N.V.,65.22.127.9,AS207266
.land,generic,"Binky Moon, LLC",37.209.192.7,AS12008
.landrover,generic,Jaguar Land Rover Ltd,192.42.175.30,AS27544
.lanxess,generic,LANXESS Corporation,156.154.159.101,AS19905
.lasalle,generic,Jones Lang LaSalle Incorporated,65.22.150.1,AS12041
.lat,generic,ECOM-LAC Federación de Latinoamérica y el Caribe para Internet y el Comercio Electrónico,192.100.224.1,AS28499
.latino,generic,Dish DBS Corporation,65.22.95.17,AS207266
.latrobe,generic,La Trobe University,37.209.194.9,AS12008
.law,generic,"Registry Services, LLC",156.154.100.3,AS397220
.lawyer,generic,"Dog Beach, LLC",37.209.192.7,AS12008
.lb,country-code,"American University of Beirut
Computing and Networking Services",147.28.0.39,AS3130
.lc,country-code,University of Puerto Rico,199.254.59.1,AS12041
.lds,generic,"IRI Domain Management, LLC",65.22.154.9,AS12041
.lease,generic,"Binky Moon, LLC",37.209.192.7,AS12008
.leclerc,generic,A.C.D. LEC Association des Centres Distributeurs Edouard Leclerc,194.0.9.1,AS2484
.lefrak,generic,"LeFrak Organization, Inc.",192.42.175.30,AS27544
.legal,generic,"Binky Moon, LLC",37.209.192.7,AS12008
.lego,generic,LEGO Juris A/S,192.42.175.30,AS27544
.lexus,generic,TOYOTA MOTOR CORPORATION,37.209.192.4,AS12008
.lgbt,generic,Afilias Limited,65.22.32.1,AS12041
.li,country-code,SWITCH The Swiss Education & Research Network,130.59.31.42,AS559
.lidl,generic,Schwarz Domains und Services GmbH & Co. KG,212.18.248.91,AS201304
.life,generic,"Binky Moon, LLC",37.209.192.7,AS12008
.lifeinsurance,generic,American Council of Life Insurers,156.154.158.102,AS19905
.lifestyle,generic,"Lifestyle Domain Holdings, Inc.",192.42.175.30,AS27544
.lighting,generic,"Binky Moon, LLC",37.209.192.7,AS12008
.like,generic,"Amazon Registry Services, Inc.",213.248.218.72,AS43519
.lilly,generic,Eli Lilly and Company,156.154.156.104,AS19905
.limited,generic,"Binky Moon, LLC",37.209.192.7,AS12008
.limo,generic,"Binky Moon, LLC",37.209.192.7,AS12008
.lincoln,generic,Ford Motor Company,156.154.145.105,AS19905
.linde,generic,Linde Aktiengesellschaft,192.42.175.30,AS27544
.link,generic,UNR Corp.,,AS62831
.lipsy,generic,Lipsy Ltd,192.42.175.30,
.live,generic,"Dog Beach, LLC",37.209.192.7,AS12008
.living,generic,"Lifestyle Domain Holdings, Inc.",192.42.175.30,AS27544
.lixil,generic,LIXIL Group Corporation,37.209.192.4,AS12008
.lk,country-code,"Council for Information Technology
LK Domain Registrar",128.10.2.5,AS17
.llc,generic,Afilias Limited,65.22.36.9,AS12041
.llp,generic,UNR Corp.,64.96.1.1,AS62831
.loan,generic,dot Loan Limited,,AS19905
.loans,generic,"Binky Moon, LLC",37.209.192.7,AS12008
.locker,generic,Dish DBS Corporation,65.22.99.33,AS207266
.locus,generic,Locus Analytics LLC,103.49.83.11,AS43519
.loft,generic,"Annco, Inc.",156.154.144.107,AS19905
.lol,generic,UNR Corp.,64.96.1.1,AS62831
.london,generic,Dot London Domains Limited,194.169.218.141,AS199330
.lotte,generic,"Lotte Holdings Co., Ltd.",37.209.192.4,AS12008
.lotto,generic,Afilias Limited,65.22.29.25,AS12041
.love,generic,Merchant Law Group LLP,212.18.248.62,AS201304
.lpl,generic,"LPL Holdings, Inc.",194.169.218.92,AS199330
.lplfinancial,generic,"LPL Holdings, Inc.",194.169.218.93,AS199330
.lr,country-code,"Data Technology Solutions, Inc.",147.28.0.39,AS3130
.ls,country-code,Lesotho Network Information Centre Proprietary (LSNIC),204.61.216.28,AS42
.lt,country-code,Kaunas University of Technology,195.8.218.131,AS51172
.ltd,generic,"Binky Moon, LLC",37.209.192.7,AS12008
.ltda,generic,InterNetX Corp.,65.22.119.17,AS207266
.lu,country-code,RESTENA,194.0.1.13,AS42909
.lundbeck,generic,H. Lundbeck A/S,192.42.175.30,AS27544
.luxe,generic,"Registry Services, LLC",,AS397220
.luxury,generic,Luxury Partners LLC,185.24.64.98,AS60890
.lv,country-code,"University of Latvia
Institute of Mathematics and Computer Science
Department of Network Solutions (DNS)",194.0.48.1,AS51955
.ly,country-code,General Post and Telecommunication Company,62.240.36.9,AS21003
.ma,country-code,Agence Nationale de Réglementation des Télécommunications (ANRT),193.51.208.13,AS2200
.macys,generic,"Macys, Inc.",192.42.175.30,AS27544
.madrid,generic,Comunidad de Madrid,195.253.65.11,AS8391
.maif,generic,Mutuelle Assurance Instituteur France (MAIF),,AS27544
.maison,generic,"Binky Moon, LLC",37.209.192.7,AS12008
.makeup,generic,XYZ.COM LLC,185.24.64.116,AS60890
.man,generic,MAN SE,195.253.65.11,AS8391
.management,generic,"Binky Moon, LLC",37.209.192.7,AS12008
.mango,generic,PUNTO FA S.L.,195.253.65.11,AS8391
.map,generic,Charleston Road Registry Inc.,216.239.32.105,AS15169
.market,generic,"Dog Beach, LLC",37.209.192.7,AS12008
.marketing,generic,"Binky Moon, LLC",,AS12008
.markets,generic,"Dog Beach, LLC",37.209.192.7,AS12008
.marriott,generic,Marriott Worldwide Corporation,65.22.237.9,AS12041
.marshalls,generic,"The TJX Companies, Inc.",156.154.157.108,AS19905
.maserati,generic,Fiat Chrysler Automobiles N.V.,65.22.124.33,AS12041
.mattel,generic,"Mattel Sites, Inc.",156.154.144.109,AS19905
.mba,generic,"Binky Moon, LLC",,AS12008
.mc,country-code,Direction des Plateformes et des Ressources Numériques,149.5.230.10,AS174
.mckinsey,generic,"McKinsey Holdings, Inc.",65.22.238.25,AS12041
.md,country-code,IP Serviciul Tehnologia Informatiei si Securitate Cibernetica,144.217.93.2,AS16276
.me,country-code,Government of Montenegro,,AS12041
.med,generic,Medistry LLC,156.154.100.3,AS397220
.media,generic,"Binky Moon, LLC",,AS12008
.meet,generic,Charleston Road Registry Inc.,,AS15169
.melbourne,generic,"The Crown in right of the State of Victoria, represented by its Department of State Development, Business and Innovation",37.209.194.10,AS12008
.meme,generic,Charleston Road Registry Inc.,216.239.32.105,AS15169
.memorial,generic,"Dog Beach, LLC",37.209.192.7,AS12008
.men,generic,Exclusive Registry Limited,37.209.198.10,AS12008
.menu,generic,"Wedding TLD2, LLC",37.209.194.10,AS12008
.merckmsd,generic,"MSD Registry Holdings, Inc.",,
.mg,country-code,NIC-MG (Network Information Center Madagascar),196.192.42.153,AS37054
.mh,country-code,Office of the Cabinet,117.103.88.33,AS24439
.miami,generic,Minds + Machines Group Limited,103.49.81.29,AS43519
.microsoft,generic,Microsoft Corporation,192.42.175.30,AS27544
.mil,sponsored,DoD Network Information Center,199.252.157.234,AS721
.mini,generic,Bayerische Motoren Werke Aktiengesellschaft,212.18.248.95,AS201304
.mint,generic,"Intuit Administrative Services, Inc.",156.154.157.112,AS19905
.mit,generic,Massachusetts Institute of Technology,65.22.238.17,AS12041
.mitsubishi,generic,Mitsubishi Corporation,37.209.192.4,AS12008
.mk,country-code,Macedonian Academic Research Network Skopje,194.149.137.168,AS5379
.ml,country-code,Agence des Technologies de l’Information et de la Communication,185.21.171.1,AS61007
.mlb,generic,"MLB Advanced Media DH, LLC",156.154.144.113,AS19905
.mls,generic,The Canadian Real Estate Association,185.159.197.8,AS55195
.mm,country-code,Ministry of Transport and Communications,37.209.194.4,AS12008
.mma,generic,MMA IARD,194.0.9.1,AS2484
.mn,country-code,"Datacom Co., Ltd.",,AS12041
.mo,country-code,Macao Post and Telecommunications Bureau (CTT),137.189.6.21,AS3661
.mobi,generic,Afilias Technologies Limited dba dotMobi,199.254.55.1,AS12041
.mobile,generic,Dish DBS Corporation,,AS12041
.moda,generic,"Dog Beach, LLC",37.209.192.7,AS12008
.moe,generic,"Interlink Co., Ltd.",156.154.158.114,AS19905
.moi,generic,"Amazon Registry Services, Inc.",213.248.218.54,AS43519
.mom,generic,UNR Corp.,,AS62831
.monash,generic,Monash University,37.209.192.9,AS12008
.money,generic,"Binky Moon, LLC",37.209.192.7,AS12008
.monster,generic,XYZ.COM LLC,212.18.249.83,AS201303
.mormon,generic,"IRI Domain Management, LLC (""Applicant"")",,AS12041
.mortgage,generic,"Dog Beach, LLC",37.209.192.7,AS12008
.moscow,generic,Foundation for Assistance for Internet Technologies and Infrastructure Development (FAITID),31.177.70.1,AS43489
.moto,generic,"Motorola Trademark Holdings, LLC",156.154.172.81,AS397213
.motorcycles,generic,XYZ.COM LLC,212.18.249.135,AS201303
.mov,generic,Charleston Road Registry Inc.,216.239.32.105,AS15169
.movie,generic,"Binky Moon, LLC",37.209.192.7,AS12008
.mp,country-code,"Saipan Datacom, Inc.",202.128.29.2,AS3605
.mq,country-code,CANAL+ TELECOM,213.188.172.1,AS21351
.mr,country-code,Université de Nouakchott Al Aasriya,193.146.150.193,AS766
.ms,country-code,MNI Networks Ltd.,204.61.216.33,AS42
.msd,generic,"MSD Registry Holdings, Inc.",,AS27544
.mt,country-code,NIC (Malta),204.61.216.45,
.mtn,generic,MTN Dubai Limited,,AS43519
.mtr,generic,MTR Corporation Limited,169.54.247.173,AS36351
.mu,country-code,Internet Direct Ltd,,AS42
.museum,sponsored,Museum Domain Management Association,194.0.9.1,AS2484
.mutual,generic,"Northwestern Mutual MU TLD Registry, LLC",156.154.144.118,AS19905
.mv,country-code,Dhiraagu Pvt. Ltd. (DHIVEHINET),202.1.192.196,AS7642
.mw,country-code,"Malawi Sustainable Development Network Programme
(Malawi SDNP)",196.45.188.5,AS36969
.mx,country-code,"NIC-Mexico
ITESM - Campus Monterrey",200.23.1.1,AS28498
.my,country-code,MYNIC Berhad,103.44.108.53,AS133874
.mz,country-code,Centro de Informatica de Universidade Eduardo Mondlane,204.61.216.14,AS42
.na,country-code,Namibian Network Information Center,204.61.216.35,AS42
.nab,generic,National Australia Bank Limited,192.42.175.30,AS27544
.nagoya,generic,"GMO Registry, Inc.",37.209.192.4,AS12008
.name,generic-restricted,"VeriSign Information Services, Inc.",192.42.174.30,AS20172
.natura,generic,NATURA COSMÉTICOS S.A.,200.219.159.10,AS14650
.navy,generic,"Dog Beach, LLC",,AS12008
.nba,generic,"NBA REGISTRY, LLC",156.154.145.119,AS19905
.nc,country-code,Office des Postes et Telecommunications,114.69.222.1,AS42
.ne,country-code,SONITEL,194.51.3.49,AS3215
.nec,generic,NEC Corporation,37.209.192.4,AS12008
.net,generic,VeriSign Global Registry Services,192.5.6.30,AS26415
.netbank,generic,COMMONWEALTH BANK OF AUSTRALIA,,
.netflix,generic,"Netflix, Inc.",156.154.145.121,AS19905
.network,generic,"Binky Moon, LLC",37.209.192.7,AS12008
.neustar,generic,"NeuStar, Inc.",198.133.199.250,AS12008
.new,generic,Charleston Road Registry Inc.,216.239.32.105,AS15169
.news,generic,"Dog Beach, LLC",37.209.192.7,
.next,generic,Next plc,,AS27544
.nextdirect,generic,Next plc,192.42.175.30,AS27544
.nexus,generic,Charleston Road Registry Inc.,,AS15169
.nf,country-code,Norfolk Island Data Services,204.61.216.51,AS42
.nfl,generic,NFL Reg Ops LLC,156.154.145.122,AS19905
.ng,country-code,Nigeria Internet Registration Association,41.222.79.3,AS36938
.ngo,generic,Public Interest Registry,,AS207266
.nhk,generic,Japan Broadcasting Corporation (NHK),37.209.192.4,AS12008
.ni,country-code,"Universidad Nacional del Ingernieria
Centro de Computo",186.1.31.8,AS18840
.nico,generic,"DWANGO Co., Ltd.",37.209.192.4,AS12008
.nike,generic,"NIKE, Inc.",156.154.158.123,AS19905
.nikon,generic,NIKON CORPORATION,192.42.175.30,AS27544
.ninja,generic,"Dog Beach, LLC",37.209.192.7,AS12008
.nissan,generic,"NISSAN MOTOR CO., LTD.",37.209.192.4,AS12008
.nissay,generic,Nippon Life Insurance Company,192.42.175.30,AS27544
.nl,country-code,SIDN (Stichting Internet Domeinregistratie Nederland),194.0.28.53,AS48283
.no,country-code,Norid A/S,128.39.8.40,AS224
.nokia,generic,Nokia Corporation,65.22.148.17,AS12041
.northwesternmutual,generic,"Northwestern Mutual Registry, LLC",156.154.144.124,AS19905
.norton,generic,Symantec Corporation,192.42.175.30,AS27544
.now,generic,"Amazon Registry Services, Inc.",213.248.218.73,AS43519
.nowruz,generic,Asia Green IT System Bilgisayar San. ve Tic. Ltd. Sti.,72.42.113.10,AS187
.nowtv,generic,Starbucks (HK) Limited,65.22.173.1,AS12041
.np,country-code,Mercantile Communications Pvt. Ltd.,202.52.255.5,AS4613
.nr,country-code,CENPAC NET,203.98.225.9,AS55722
.nra,generic,"NRA Holdings Company, INC.",65.22.242.25,AS12041
.nrw,generic,Minds + Machines GmbH,195.253.65.11,AS8391
.ntt,generic,NIPPON TELEGRAPH AND TELEPHONE CORPORATION,117.104.133.17,AS2914
.nu,country-code,The IUSN Foundation,185.159.197.150,AS55195
.nyc,generic,The City of New York by and through the New York City Department of Information Technology & Telecommunications,156.154.158.125,AS19905
.nz,country-code,InternetNZ,202.46.190.130,AS23869
.obi,generic,OBI Group Holding SE & Co. KGaA,192.42.175.30,AS27544
.observer,generic,"Dog Beach, LLC",37.209.192.7,AS12008
.off,generic,"Johnson Shareholdings, Inc.",192.42.175.30,AS27544
.office,generic,Microsoft Corporation,156.154.159.126,AS19905
.okinawa,generic,"BRregistry, Inc.",37.209.192.4,AS12008
.olayan,generic,Crescent Holding GmbH,37.209.196.9,AS12008
.olayangroup,generic,Crescent Holding GmbH,37.209.192.9,AS12008
.oldnavy,generic,"The Gap, Inc.",156.154.156.127,AS19905
.ollo,generic,Dish DBS Corporation,,AS12041
.om,country-code,Telecommunications Regulatory Authority (TRA),37.209.198.6,AS12008
.omega,generic,The Swatch Group Ltd,192.42.175.30,AS27544
.one,generic,One.com A/S,37.209.196.9,AS12008
.ong,generic,Public Interest Registry,199.19.54.1,AS12041
.onl,generic,iRegistry GmbH,65.22.138.1,AS12041
.online,generic,Radix FZC,194.169.218.54,AS199330
.ooo,generic,INFIBEAM INCORPORATION LIMITED,212.18.248.33,AS201304
.open,generic,"American Express Travel Related Services Company, Inc.",156.154.144.128,AS19905
.oracle,generic,Oracle Corporation,192.42.175.30,AS27544
.orange,generic,Orange Brand Services Limited,192.42.175.30,AS27544
.org,generic,Public Interest Registry (PIR),199.19.56.1,AS12041
.organic,generic,Afilias Limited,65.22.20.40,AS12041
.origins,generic,The Estée Lauder Companies Inc.,65.22.55.33,AS207266
.osaka,generic,"Osaka Registry Co., Ltd.",156.154.145.130,AS19905
.otsuka,generic,"Otsuka Holdings Co., Ltd.",37.209.192.4,AS12008
.ott,generic,Dish DBS Corporation,65.22.94.9,AS12041
.ovh,generic,OVH SAS,194.0.9.1,AS2484
.pa,country-code,Universidad Tecnologica de Panama,200.160.0.5,AS22548
.page,generic,Charleston Road Registry Inc.,216.239.32.105,AS15169
.panasonic,generic,Panasonic Corporation,37.209.192.4,AS12008
.paris,generic,City of Paris,194.0.9.1,AS2484
.pars,generic,Asia Green IT System Bilgisayar San. ve Tic. Ltd. Sti.,72.0.49.5,AS42
.partners,generic,"Binky Moon, LLC",37.209.192.7,AS12008
.parts,generic,"Binky Moon, LLC",37.209.192.7,AS12008
.party,generic,Blue Sky Registry Limited,156.154.173.24,AS397213
.passagens,generic,Travel Reservations SRL,156.154.158.133,AS19905
.pay,generic,"Amazon Registry Services, Inc.",103.49.82.74,AS43519
.pccw,generic,PCCW Enterprises Limited,65.22.119.41,AS207266
.pe,country-code,Red Cientifica Peruana,200.1.176.4,AS3132
.pet,generic,Afilias Limited,65.22.19.17,AS207266
.pf,country-code,Gouvernement de la Polynésie française,,
.pfizer,generic,Pfizer Inc.,156.154.157.134,AS19905
.pg,country-code,"PNG DNS Administration
Vice Chancellors Office
The Papua New Guinea University of Technology",,AS9464
.ph,country-code,PH Domain Foundation,137.189.6.21,AS3661
.pharmacy,generic,National Association of Boards of Pharmacy,213.248.219.45,AS43519
.phd,generic,Charleston Road Registry Inc.,216.239.32.105,AS15169
.philips,generic,Koninklijke Philips N.V.,,AS12008
.phone,generic,Dish DBS Corporation,65.22.96.17,AS12041
.photo,generic,UNR Corp.,64.96.1.1,AS62831
.photography,generic,"Binky Moon, LLC",37.209.192.7,AS12008
.photos,generic,"Binky Moon, LLC",37.209.192.7,AS12008
.physio,generic,PhysBiz Pty Ltd,37.209.196.10,AS12008
.pics,generic,UNR Corp.,64.96.1.1,AS62831
.pictet,generic,Pictet Europe S.A.,192.42.175.30,AS27544
.pictures,generic,"Binky Moon, LLC",,AS12008
.pid,generic,"Top Level Spectrum, Inc.",194.169.218.47,AS199330
.pin,generic,"Amazon Registry Services, Inc.",213.248.218.75,AS43519
.ping,generic,"Ping Registry Provider, Inc.",156.154.170.29,AS397213
.pink,generic,Afilias Limited,65.22.30.17,AS12041
.pioneer,generic,Pioneer Corporation,37.209.192.4,AS12008
.pizza,generic,"Binky Moon, LLC",,AS12008
.pk,country-code,PKNIC,,AS36351
.pl,country-code,Research and Academic Computer Network,185.159.197.48,AS55195
.place,generic,"Binky Moon, LLC",37.209.192.7,AS12008
.play,generic,Charleston Road Registry Inc.,216.239.32.105,AS15169
.playstation,generic,Sony Computer Entertainment Inc.,37.209.192.4,AS12008
.plumbing,generic,"Binky Moon, LLC",37.209.192.7,AS12008
.plus,generic,"Binky Moon, LLC",37.209.192.7,AS12008
.pm,country-code,Association Française pour le Nommage Internet en Coopération (A.F.N.I.C.),,
.pn,country-code,Pitcairn Island Administration,173.230.153.180,AS63949
.pnc,generic,"PNC Domain Co., LLC",65.22.67.25,AS207266
.pohl,generic,Deutsche Vermögensberatung Aktiengesellschaft DVAG,194.169.218.96,AS199330
.poker,generic,Afilias Limited,65.22.23.33,AS207266
.politie,generic,Politie Nederland,194.0.28.5,AS48283
.porn,generic,ICM Registry PN LLC,37.209.192.10,AS12008
.post,sponsored,Universal Postal Union,65.22.0.1,AS12041
.pr,country-code,Gauss Research Laboratory Inc.,199.254.60.17,AS12041
.pramerica,generic,"Prudential Financial, Inc.",156.154.156.138,AS19905
.praxi,generic,Praxi S.p.A.,156.154.145.139,AS19905
.press,generic,Radix FZC,185.24.64.34,AS60890
.prime,generic,"Amazon Registry Services, Inc.",43.230.50.51,AS43519
.pro,generic-restricted,Afilias Limited,199.182.40.1,AS207266
.prod,generic,Charleston Road Registry Inc.,216.239.32.105,AS15169
.productions,generic,"Binky Moon, LLC",37.209.192.7,AS12008
.prof,generic,Charleston Road Registry Inc.,216.239.32.105,AS15169
.progressive,generic,Progressive Casualty Insurance Company,65.22.201.33,AS12041
.promo,generic,Afilias Limited,65.22.246.9,AS12041
.properties,generic,"Binky Moon, LLC",37.209.192.7,AS12008
.property,generic,UNR Corp.,64.96.1.1,AS62831
.protection,generic,XYZ.COM LLC,185.24.64.67,AS60890
.pru,generic,"Prudential Financial, Inc.",156.154.159.141,AS19905
.prudential,generic,"Prudential Financial, Inc.",156.154.156.142,AS19905
.ps,country-code,"Ministry Of Telecommunications &
Information Technology,
Government Computer Center.",194.6.225.20,AS15975
.pt,country-code,Associação DNS.PT,200.160.0.5,AS22548
.pub,generic,"Dog Beach, LLC",37.209.192.7,AS12008
.pw,country-code,Micronesia Investment and Development Corporation,194.169.218.12,AS199330
.pwc,generic,PricewaterhouseCoopers LLP,65.22.80.9,AS12041
.py,country-code,NIC-PY,130.59.31.30,AS559
.qa,country-code,Communications Regulatory Authority,178.23.17.104,AS42298
.qpon,generic,"dotCOOL, Inc.",185.24.64.128,AS60890
.quebec,generic,PointQuébec Inc,195.253.65.11,AS8391
.quest,generic,XYZ.COM LLC,185.24.64.19,AS60890
.racing,generic,Premier Registry Limited,156.154.171.33,AS397220
.radio,generic,European Broadcasting Union (EBU),195.253.65.11,AS8391
.raid,generic,"Johnson Shareholdings, Inc.",192.42.175.30,AS27544
.re,country-code,Association Française pour le Nommage Internet en Coopération (A.F.N.I.C.),194.0.9.1,AS2484
.read,generic,"Amazon Registry Services, Inc.",213.248.218.76,AS43519
.realestate,generic,dotRealEstate LLC,43.230.51.123,AS43519
.realtor,generic,Real Estate Domains LLC,156.154.102.3,AS397220
.realty,generic,"Dog Beach, LLC",37.209.192.7,AS12008
.recipes,generic,"Binky Moon, LLC",37.209.192.7,AS12008
.red,generic,Afilias Limited,65.22.36.25,AS12041
.redstone,generic,"Redstone Haute Couture Co., Ltd.",65.22.134.17,AS12041
.redumbrella,generic,"Travelers TLD, LLC",65.22.203.1,AS207266
.rehab,generic,"Dog Beach, LLC",37.209.192.7,AS12008
.reise,generic,"Binky Moon, LLC",37.209.192.7,AS12008
.reisen,generic,"Binky Moon, LLC",37.209.192.7,AS12008
.reit,generic,"National Association of Real Estate Investment Trusts, Inc.",212.18.249.38,AS201303
.reliance,generic,Reliance Industries Limited,65.22.111.25,AS207266
.ren,generic,ZDNS International Limited,2401:8d00:1:0:0:0:0:1,AS38345
.rent,generic,XYZ.COM LLC,194.169.218.63,AS199330
.rentals,generic,"Binky Moon, LLC",37.209.192.7,AS12008
.repair,generic,"Binky Moon, LLC",,AS12008
.report,generic,"Binky Moon, LLC",37.209.192.7,AS12008
.republican,generic,"Dog Beach, LLC",37.209.192.7,AS12008
.rest,generic,Punto 2012 Sociedad Anonima Promotora de Inversion de Capital Variable,194.169.218.35,AS199330
.restaurant,generic,"Binky Moon, LLC",37.209.192.7,AS12008
.review,generic,dot Review Limited,156.154.174.35,AS397213
.reviews,generic,"Dog Beach, LLC",37.209.192.7,AS12008
.rexroth,generic,Robert Bosch GMBH,192.42.175.30,AS27544
.rich,generic,iRegistry GmbH,65.22.138.17,AS12041
.richardli,generic,Pacific Century Asset Management (HK) Limited,65.22.136.33,AS12041
.ricoh,generic,"Ricoh Company, Ltd.",37.209.192.4,AS12008
.ril,generic,Reliance Industries Limited,65.22.182.17,AS12041
.rio,generic,Empresa Municipal de Informática SA - IPLANRIO,200.192.233.10,AS11284
.rip,generic,"Dog Beach, LLC",37.209.192.7,AS12008
.ro,country-code,National Institute for R&D in Informatics,81.91.161.99,AS8763
.rocher,generic,Ferrero Trading Lux S.A.,156.154.145.145,AS19905
.rocks,generic,"Dog Beach, LLC",37.209.192.7,AS12008
.rodeo,generic,"Registry Services, LLC",43.230.49.30,AS43519
.rogers,generic,Rogers Communications Canada Inc.,65.22.108.33,AS12041
.room,generic,"Amazon Registry Services, Inc.",213.248.222.77,AS43519
.rs,country-code,Serbian National Internet Domain Registry (RNIDS),91.199.17.59,AS47267
.rsvp,generic,Charleston Road Registry Inc.,216.239.32.105,AS15169
.ru,country-code,Coordination Center for TLD RU,193.232.142.17,AS42385
.rugby,generic,World Rugby Strategic Developments Limited,37.209.194.10,AS12008
.ruhr,generic,regiodot GmbH & Co. KG,195.253.65.11,AS8391
.run,generic,"Binky Moon, LLC",,AS12008
.rw,country-code,Rwanda Internet Community and Technology  Alliance (RICTA) Ltd,196.49.7.188,AS328014
.rwe,generic,RWE AG,192.42.175.30,AS27544
.ryukyu,generic,"BRregistry, Inc.",37.209.192.4,AS12008
.sa,country-code,Communications and Information Technology Commission,212.138.118.118,AS8895
.saarland,generic,dotSaarland GmbH,212.18.248.97,AS201304
.safe,generic,"Amazon Registry Services, Inc.",213.248.222.78,AS43519
.safety,generic,"Safety Registry Services, LLC.",156.154.159.148,AS19905
.sakura,generic,SAKURA Internet Inc.,103.47.2.3,AS18149
.sale,generic,"Dog Beach, LLC",37.209.192.7,AS12008
.salon,generic,"Binky Moon, LLC",37.209.192.7,AS12008
.samsclub,generic,"Wal-Mart Stores, Inc.",192.42.175.30,AS27544
.samsung,generic,"SAMSUNG SDS CO., LTD",194.169.218.112,AS199330
.sandvik,generic,Sandvik AB,37.209.194.9,AS12008
.sandvikcoromant,generic,Sandvik AB,37.209.192.9,AS12008
.sanofi,generic,Sanofi,192.42.175.30,AS27544
.sap,generic,SAP AG,195.253.65.11,AS8391
.sarl,generic,"Binky Moon, LLC",37.209.192.7,AS12008
.sas,generic,Research IP LLC,156.154.174.39,AS397213
.save,generic,"Amazon Registry Services, Inc.",213.248.222.79,AS43519
.saxo,generic,Saxo Bank A/S,37.209.198.9,AS12008
.sb,country-code,Solomon Telekom Company Limited,204.61.216.31,AS42
.sbi,generic,STATE BANK OF INDIA,,
.sbs,generic,SPECIAL BROADCASTING SERVICE CORPORATION,194.169.218.127,AS199330
.sc,country-code,VCS Pty Ltd,199.254.59.1,AS12041
.sca,generic,SVENSKA CELLULOSA AKTIEBOLAGET SCA (publ),192.42.175.30,AS27544
.scb,generic,"The Siam Commercial Bank Public Company Limited (""SCB"")",122.155.23.51,AS9335
.schaeffler,generic,Schaeffler Technologies AG & Co. KG,194.0.24.14,AS201612
.schmidt,generic,SCHMIDT GROUPE S.A.S.,37.209.192.9,AS12008
.scholarships,generic,"Scholarships.com, LLC",65.22.140.17,AS12041
.school,generic,"Binky Moon, LLC",37.209.192.7,AS12008
.schule,generic,"Binky Moon, LLC",37.209.192.7,AS12008
.schwarz,generic,Schwarz Domains und Services GmbH & Co. KG,185.24.64.99,AS60890
.science,generic,dot Science Limited,156.154.173.41,AS397213
.scjohnson,generic,"Johnson Shareholdings, Inc.",192.42.175.30,AS27544
.scot,generic,Dot Scot Registry Limited,,AS8391
.sd,country-code,Sudan Internet Society,196.29.166.134,AS33788
.se,country-code,The Internet Infrastructure Foundation,192.36.144.107,AS8674
.search,generic,Charleston Road Registry Inc.,216.239.32.105,AS15169
.seat,generic,"SEAT, S.A. (Sociedad Unipersonal)",195.253.65.11,AS8391
.secure,generic,"Amazon Registry Services, Inc.",103.49.82.80,AS43519
.security,generic,XYZ.COM LLC,194.169.218.68,AS199330
.seek,generic,Seek Limited,37.209.198.9,AS12008
.select,generic,"Registry Services, LLC",37.209.196.9,AS12008
.sener,generic,"Sener Ingeniería y Sistemas, S.A.",192.42.175.30,AS27544
.services,generic,"Binky Moon, LLC",65.22.23.37,AS207266
.ses,generic,SES,192.42.175.30,AS27544
.seven,generic,Seven West Media Ltd,37.209.198.9,AS12008
.sew,generic,SEW-EURODRIVE GmbH & Co KG,65.22.191.25,AS207266
.sex,generic,ICM Registry SX LLC,37.209.192.10,AS12008
.sexy,generic,UNR Corp.,,AS62831
.sfr,generic,Societe Francaise du Radiotelephone - SFR,212.18.248.100,AS201304
.sg,country-code,Singapore Network Information Centre (SGNIC) Pte Ltd,120.29.253.11,AS12008
.sh,country-code,Government of St. Helena,65.22.160.9,AS12041
.shangrila,generic,Shangri‐La International Hotel Management Limited,,AS27544
.sharp,generic,Sharp Corporation,37.209.192.4,AS12008
.shaw,generic,Shaw Cablesystems G.P.,65.22.90.17,AS12041
.shell,generic,Shell Information Technology International Inc,192.42.175.30,AS27544
.shia,generic,Asia Green IT System Bilgisayar San. ve Tic. Ltd. Sti.,72.42.113.7,AS187
.shiksha,generic,Afilias Limited,65.22.35.33,AS207266
.shoes,generic,"Binky Moon, LLC",37.209.192.7,AS12008
.shop,generic,"GMO Registry, Inc.",37.209.192.4,AS12008
.shopping,generic,"Binky Moon, LLC",37.209.192.7,AS12008
.shouji,generic,QIHOO 360 TECHNOLOGY CO. LTD.,103.61.63.1,AS63582
.show,generic,"Binky Moon, LLC",37.209.192.7,AS12008
.showtime,generic,CBS Domains Inc.,65.22.69.1,AS12041
.si,country-code,Academic and Research Network of Slovenia (ARNES),194.0.1.20,AS42909
.silk,generic,"Amazon Registry Services, Inc.",213.248.218.59,AS43519
.sina,generic,Sina Corporation,65.22.142.33,AS12041
.singles,generic,"Binky Moon, LLC",37.209.192.7,AS12008
.site,generic,Radix FZC,194.169.218.61,AS199330
.sj,country-code,Norid A/S,,AS224
.sk,country-code,"SK-NIC, a.s.",195.12.159.1,AS57801
.ski,generic,Afilias Limited,65.22.85.17,AS12041
.skin,generic,XYZ.COM LLC,212.18.248.118,AS201304
.sky,generic,Sky International AG,192.42.175.30,AS27544
.skype,generic,Microsoft Corporation,156.154.157.151,AS19905
.sl,country-code,Sierratel,51.195.14.249,AS16276
.sling,generic,Hughes Satellite Systems Corporation,65.22.108.9,AS12041
.sm,country-code,Telecom Italia San Marino S.p.A.,194.183.64.11,AS15433
.smart,generic,"Smart Communications, Inc. (SMART)",212.18.248.70,AS201304
.smile,generic,"Amazon Registry Services, Inc.",213.248.218.81,AS43519
.sn,country-code,"Universite Cheikh Anta Diop
NIC Senegal",196.1.95.1,AS8346
.sncf,generic,SNCF (Société Nationale des Chemins de fer Francais),194.0.9.1,AS2484
.so,country-code,Ministry of Post and Telecommunications,196.216.168.54,AS37177
.soccer,generic,"Binky Moon, LLC",37.209.192.7,AS12008
.social,generic,"Dog Beach, LLC",37.209.192.7,AS12008
.softbank,generic,SoftBank Group Corp.,37.209.192.4,AS12008
.software,generic,"Dog Beach, LLC",37.209.192.7,AS12008
.sohu,generic,Sohu.com Limited,2401:8d00:1:0:0:0:0:1,AS38345
.solar,generic,"Binky Moon, LLC",37.209.192.7,AS12008
.solutions,generic,"Binky Moon, LLC",,
.song,generic,"Amazon Registry Services, Inc.",156.154.157.153,AS19905
.sony,generic,Sony Corporation,37.209.192.4,AS12008
.soy,generic,Charleston Road Registry Inc.,216.239.32.105,AS15169
.spa,generic,Asia Spa and Wellness Promotion Council Limited,65.22.48.17,AS12041
.space,generic,Radix FZC,194.169.218.51,AS199330
.sport,generic,Global Association of International Sports Federations (GAISF),195.253.64.12,AS8561
.spot,generic,"Amazon Registry Services, Inc.",103.49.82.82,AS43519
.sr,country-code,Telesur,200.1.159.148,AS27775
.srl,generic,InterNetX Corp.,65.22.83.33,AS207266
.ss,country-code,National Communication Authority (NCA),,AS60592
.st,country-code,Tecnisys,195.178.160.2,AS8473
.stada,generic,STADA Arzneimittel AG,65.22.158.25,AS12041
.staples,generic,"Staples, Inc.",156.154.170.79,AS397213
.star,generic,Star India Private Limited,65.22.59.9,AS207266
.statebank,generic,STATE BANK OF INDIA,65.22.177.1,AS12041
.statefarm,generic,State Farm Mutual Automobile Insurance Company,156.154.159.154,AS19905
.stc,generic,Saudi Telecom Company,212.18.249.29,AS201303
.stcgroup,generic,Saudi Telecom Company,194.169.218.46,AS199330
.stockholm,generic,Stockholms kommun,65.22.221.41,AS12041
.storage,generic,XYZ.COM LLC,185.24.64.55,AS60890
.store,generic,Radix FZC,185.24.64.45,AS60890
.stream,generic,dot Stream Limited,156.154.172.50,AS397213
.studio,generic,"Dog Beach, LLC",,AS12008
.study,generic,OPEN UNIVERSITIES AUSTRALIA PTY LTD,37.209.196.10,AS12008
.style,generic,"Binky Moon, LLC",37.209.192.7,AS12008
.su,country-code,"Russian Institute for Development of Public Networks
(ROSNIIROS)",193.232.142.17,AS42385
.sucks,generic,Vox Populi Registry Ltd.,37.209.198.10,AS12008
.supplies,generic,"Binky Moon, LLC",37.209.192.7,AS12008
.supply,generic,"Binky Moon, LLC",37.209.192.7,AS12008
.support,generic,"Binky Moon, LLC",37.209.192.7,AS12008
.surf,generic,"Registry Services, LLC",213.248.221.31,
.surgery,generic,"Binky Moon, LLC",37.209.192.7,AS12008
.suzuki,generic,SUZUKI MOTOR CORPORATION,37.209.192.4,AS12008
.sv,country-code,SVNet,198.6.1.82,AS701
.swatch,generic,The Swatch Group Ltd,192.42.175.30,AS27544
.swiss,generic,Swiss Confederation,195.253.65.11,AS8391
.sx,country-code,SX Registry SA B.V.,185.159.197.10,AS55195
.sy,country-code,National Agency for Network Services (NANS),82.137.200.85,AS29256
.sydney,generic,"State of New South Wales, Department of Premier and Cabinet",37.209.192.10,AS12008
.systems,generic,"Binky Moon, LLC",37.209.192.7,AS12008
.sz,country-code,"University of Swaziland
Department of Computer Science",147.28.0.39,AS3130
.tab,generic,Tabcorp Holdings Limited,37.209.196.9,AS12008
.taipei,generic,Taipei City Government,156.154.157.156,AS19905
.talk,generic,"Amazon Registry Services, Inc.",,AS43519
.taobao,generic,Alibaba Group Holding Limited,156.154.144.157,AS19905
.target,generic,"Target Domain Holdings, LLC",156.154.157.158,AS19905
.tatamotors,generic,Tata Motors Ltd,192.42.175.30,AS27544
.tatar,generic,"Limited Liability Company ""Coordination Center of Regional Domain of Tatarstan Republic""",194.190.124.17,AS42385
.tattoo,generic,UNR Corp.,64.96.1.1,AS62831
.tax,generic,"Binky Moon, LLC",37.209.192.7,AS12008
.taxi,generic,"Binky Moon, LLC",37.209.192.7,AS12008
.tc,country-code,Melrex TC,95.173.188.6,AS51559
.tci,generic,Asia Green IT System Bilgisayar San. ve Tic. Ltd. Sti.,72.0.49.8,AS42
.td,country-code,l'Agence de Développement des Technologies de l'Information et de la Communication (ADETIC),196.216.168.31,
.tdk,generic,TDK Corporation,156.154.159.159,AS19905
.team,generic,"Binky Moon, LLC",,AS12008
.tech,generic,Radix FZC,185.24.64.60,AS60890
.technology,generic,"Binky Moon, LLC",37.209.192.7,AS12008
.tel,sponsored,Telnames Ltd.,156.154.172.10,AS397213
.temasek,generic,Temasek Holdings (Private) Limited,,AS207266
.tennis,generic,"Binky Moon, LLC",37.209.192.7,AS12008
.teva,generic,Teva Pharmaceutical Industries Limited,156.154.158.160,AS19905
.tf,country-code,Association Française pour le Nommage Internet en Coopération (A.F.N.I.C.),,AS2484
.tg,country-code,Autorité de Régulation des Communications Electroniques et des Postes (ARCEP),80.248.64.20,AS30982
.th,country-code,Thai Network Information Center Foundation,202.28.0.1,AS4621
.thd,generic,"Home Depot Product Authority, LLC",,AS207266
.theater,generic,"Binky Moon, LLC",37.209.192.7,AS12008
.theatre,generic,XYZ.COM LLC,212.18.249.69,AS201303
.tiaa,generic,Teachers Insurance and Annuity Association of America,192.42.175.30,AS27544
.tickets,generic,XYZ.COM LLC,194.169.218.58,AS199330
.tienda,generic,"Binky Moon, LLC",37.209.192.7,AS12008
.tiffany,generic,Tiffany and Company,192.42.175.30,AS27544
.tips,generic,"Binky Moon, LLC",37.209.192.7,AS12008
.tires,generic,"Binky Moon, LLC",37.209.192.7,AS12008
.tirol,generic,punkt Tirol GmbH,193.56.204.153,AS199216
.tj,country-code,Information Technology Center,91.218.160.197,AS51346
.tjmaxx,generic,"The TJX Companies, Inc.",156.154.157.161,AS19905
.tjx,generic,"The TJX Companies, Inc.",156.154.144.162,AS19905
.tk,country-code,Telecommunication Tokelau Corporation (Teletok),,AS198147
.tkmaxx,generic,"The TJX Companies, Inc.",156.154.159.163,AS19905
.tl,country-code,Autoridade Nacional de Comunicações,204.61.216.19,AS42
.tm,country-code,TM Domain Registry Ltd,194.0.1.22,AS42909
.tmall,generic,Alibaba Group Holding Limited,,AS19905
.tn,country-code,Agence Tunisienne d'Internet,41.228.63.62,AS2609
.to,country-code,"Government of the Kingdom of Tonga
H.R.H. Crown Prince Tupouto'a
c/o Consulate of Tonga",,AS20473
.today,generic,"Binky Moon, LLC",37.209.192.7,AS12008
.tokyo,generic,"GMO Registry, Inc.",37.209.192.4,AS12008
.tools,generic,"Binky Moon, LLC",37.209.192.7,AS12008
.top,generic,"Jiangsu Bangning Science & Technology Co.,Ltd.",2401:8d00:1:0:0:0:0:1,AS38345
.toray,generic,"Toray Industries, Inc.",37.209.192.4,AS12008
.toshiba,generic,TOSHIBA Corporation,37.209.192.4,AS12008
.total,generic,Total SA,194.0.9.1,AS2484
.tours,generic,"Binky Moon, LLC",37.209.192.7,AS12008
.town,generic,"Binky Moon, LLC",37.209.192.7,AS12008
.toyota,generic,TOYOTA MOTOR CORPORATION,37.209.192.4,AS12008
.toys,generic,"Binky Moon, LLC",37.209.192.7,AS12008
.tr,country-code,Bilgi Teknolojileri ve İletişim Kurumu (BTK),31.210.155.2,AS43260
.trade,generic,Elite Registry Limited,156.154.158.165,AS19905
.trading,generic,"Dog Beach, LLC",37.209.192.7,AS12008
.training,generic,"Binky Moon, LLC",37.209.192.7,AS12008
.travel,sponsored,"Dog	Beach, LLC",37.209.192.7,AS12008
.travelchannel,generic,"Lifestyle Domain Holdings, Inc.",,AS27544
.travelers,generic,"Travelers TLD, LLC",65.22.200.9,AS12041
.travelersinsurance,generic,"Travelers TLD, LLC",65.22.203.17,AS207266
.trust,generic,UNR Corp.,64.96.1.1,AS62831
.trv,generic,"Travelers TLD, LLC",65.22.203.25,AS207266
.tt,country-code,"University of the West Indies
Faculty of Engineering",200.33.111.1,AS28504
.tube,generic,Latin American Telecom LLC,156.154.171.80,AS397220
.tui,generic,TUI AG,194.169.218.103,AS199330
.tunes,generic,"Amazon Registry Services, Inc.",213.248.218.84,AS43519
.tushu,generic,"Amazon Registry Services, Inc.",,
.tv,country-code,Ministry of Finance and Tourism,,AS27544
.tvs,generic,T V SUNDRAM IYENGAR  & SONS PRIVATE LIMITED,65.22.206.9,AS12041
.tw,country-code,Taiwan Network Information Center (TWNIC),203.73.24.25,AS4780
.tz,country-code,Tanzania Communications Regulatory Authority,193.29.206.2,AS25192
.ua,country-code,Hostmaster Ltd.,195.47.253.1,AS29067
.ubank,generic,National Australia Bank Limited,192.42.175.30,AS27544
.ubs,generic,UBS AG,192.42.175.30,AS27544
.ug,country-code,Uganda Online Ltd.,199.4.138.53,AS26710
.uk,country-code,Nominet UK,,
.unicom,generic,China United Network Communications Corporation Limited,,AS38345
.university,generic,"Binky Moon, LLC",37.209.192.7,AS12008
.uno,generic,Radix FZC,194.169.218.21,AS199330
.uol,generic,UBN INTERNET LTDA.,200.192.233.10,AS11284
.ups,generic,"UPS Market Driver, Inc.",65.22.243.1,AS207266
.us,country-code,"Registry Services, LLC",156.154.125.70,AS397213
.uy,country-code,SeCIU - Universidad de la Republica,200.160.0.5,AS22548
.uz,country-code,Single Integrator for Creation and Support of State Information Systems UZINFOCOM,81.95.225.245,AS12365
.va,country-code,Holy See - Vatican City State,212.77.0.110,AS8978
.vacations,generic,"Binky Moon, LLC",37.209.192.7,AS12008
.vana,generic,"Lifestyle Domain Holdings, Inc.",192.42.175.30,AS27544
.vanguard,generic,"The Vanguard Group, Inc.",192.42.175.30,AS27544
.vc,country-code,"Ministry of Telecommunications, Science, Technology and Industry",199.254.59.1,AS12041
.ve,country-code,Comisión Nacional de Telecomunicaciones (CONATEL),190.9.129.56,AS8048
.vegas,generic,"Dot Vegas, Inc.",65.22.69.17,AS12041
.ventures,generic,"Binky Moon, LLC",37.209.192.7,AS12008
.verisign,generic,"VeriSign, Inc.",192.42.175.30,AS27544
.versicherung,generic,TLD-BOX Registrydienstleistungen GmbH,194.0.25.13,AS1921
.vet,generic,"Dog Beach, LLC",37.209.192.7,AS12008
.vg,country-code,Telecommunications Regulatory Commission of the Virgin Islands,185.24.64.104,AS60890
.vi,country-code,"Virgin Islands Public Telecommunications System, Inc.",198.6.1.202,AS701
.viajes,generic,"Binky Moon, LLC",37.209.192.7,AS12008
.video,generic,"Dog Beach, LLC",37.209.192.7,AS12008
.vig,generic,VIENNA INSURANCE GROUP AG Wiener Versicherung Gruppe,,AS12041
.viking,generic,Viking River Cruises (Bermuda) Ltd.,65.22.192.17,AS12041
.villas,generic,"Binky Moon, LLC",37.209.192.7,AS12008
.vin,generic,"Binky Moon, LLC",37.209.192.7,AS12008
.vip,generic,"Registry Services, LLC",156.154.101.3,
.virgin,generic,Virgin Enterprises Limited,213.248.219.40,AS43519
.visa,generic,Visa Worldwide Pte. Limited,192.42.175.30,AS27544
.vision,generic,"Binky Moon, LLC",37.209.192.7,AS12008
.viva,generic,Saudi Telecom Company,,AS201303
.vivo,generic,Telefonica Brasil S.A.,156.154.174.57,AS397213
.vlaanderen,generic,DNS.be vzw,194.0.25.19,AS1921
.vn,country-code,Viet Nam Internet Network Information Center (VNNIC),194.0.1.18,AS42909
.vodka,generic,"Registry Services, LLC",156.154.101.3,AS397213
.volkswagen,generic,Volkswagen Group of America Inc.,65.22.210.25,AS12041
.volvo,generic,Volvo Holding Sverige Aktiebolag,192.42.175.30,AS27544
.vote,generic,Monolith Registry LLC,65.22.170.9,AS12041
.voting,generic,Valuetainment Corp.,37.209.196.10,AS12008
.voto,generic,Monolith Registry LLC,65.22.171.1,AS207266
.voyage,generic,"Binky Moon, LLC",37.209.192.7,AS12008
.vu,country-code,Telecommunications Radiocommunications and Broadcasting Regulator (TRBR),37.209.198.6,AS12008
.vuelos,generic,Travel Reservations SRL,,
.wales,generic,Nominet UK,156.154.100.3,AS397220
.walmart,generic,"Wal-Mart Stores, Inc.",192.42.175.30,AS27544
.walter,generic,Sandvik AB,37.209.196.9,AS12008
.wang,generic,Zodiac Wang Limited,2401:8d00:1:0:0:0:0:1,AS38345
.wanggou,generic,"Amazon Registry Services, Inc.",103.49.82.86,AS43519
.watch,generic,"Binky Moon, LLC",37.209.192.7,AS12008
.watches,generic,Afilias Limited,65.22.207.1,AS207266
.weather,generic,International Business Machines Corporation,156.154.159.178,AS19905
.weatherchannel,generic,International Business Machines Corporation,156.154.156.179,AS19905
.webcam,generic,dot Webcam Limited,,AS397213
.weber,generic,Saint-Gobain Weber SA,192.42.175.30,AS27544
.website,generic,Radix FZC,185.24.64.52,AS60890
.wed,generic,Emergency Back-End Registry Operator Program - ICANN,43.230.49.153,AS43519
.wedding,generic,"Registry Services, LLC",43.230.49.34,AS43519
.weibo,generic,Sina Corporation,65.22.59.41,AS207266
.weir,generic,Weir Group IP Limited,192.42.175.30,AS27544
.wf,country-code,Association Française pour le Nommage Internet en Coopération (A.F.N.I.C.),194.0.9.1,AS2484
.whoswho,generic,Who's Who Registry,,AS8561
.wien,generic,punkt.wien GmbH,193.56.204.153,AS199216
.wiki,generic,"Top Level Design, LLC",185.24.64.30,AS60890
.williamhill,generic,William Hill Organization Limited,156.154.156.181,AS19905
.win,generic,First Registry Limited,156.154.144.182,AS19905
.windows,generic,Microsoft Corporation,192.42.175.30,AS27544
.wine,generic,"Binky Moon, LLC",37.209.192.7,AS12008
.winners,generic,"The TJX Companies, Inc.",156.154.156.183,AS19905
.wme,generic,"William Morris Endeavor Entertainment, LLC",194.169.218.31,AS199330
.wolterskluwer,generic,Wolters Kluwer N.V.,65.22.204.25,AS12041
.woodside,generic,Woodside Petroleum Limited,37.209.198.9,AS12008
.work,generic,"Registry Services, LLC",156.154.101.3,AS397213
.works,generic,"Binky Moon, LLC",37.209.192.7,AS12008
.world,generic,"Binky Moon, LLC",37.209.192.7,AS12008
.wow,generic,"Amazon Registry Services, Inc.",213.248.222.87,AS43519
.ws,country-code,Government of Samoa Ministry of Foreign Affairs & Trade,64.70.19.80,AS3561
.wtc,generic,"World Trade Centers Association, Inc.",37.209.198.9,AS12008
.wtf,generic,"Binky Moon, LLC",37.209.192.7,AS12008
.xbox,generic,Microsoft Corporation,192.42.175.30,AS27544
.xerox,generic,Xerox DNHC LLC,37.209.198.9,AS12008
.xfinity,generic,"Comcast IP Holdings I, LLC",156.154.102.3,AS397220
.xihuan,generic,QIHOO 360 TECHNOLOGY CO. LTD.,103.61.63.1,AS63582
.xin,generic,Elegant Leader Limited,65.22.130.17,AS12041
.测试,test,Internet Assigned Numbers Authority," class=""subsection"">
<ul>
<li><a href=""/domains/root"">Root Zone Registry</a></li>
<li><a href=""/domains/int"">.INT Registry</a></li>
<li><a href=""/domains/arpa"">.ARPA Registry</a></li>
<li><a href=""/domains/idn-tables"">IDN Repository</a></li>
</ul>
",
.कॉम,generic,VeriSign Sarl,,AS27544
.परीक्षा,test,Internet Assigned Numbers Authority,,
.セール,generic,"Amazon Registry Services, Inc.",,AS397213
.佛山,generic,"Guangzhou YU Wei Information Technology Co., Ltd.",42.83.133.1,AS24151
.ಭಾರತ,country-code,National Internet eXchange of India,156.154.101.20,AS397213
.慈善,generic,Excellent First Limited,2401:8d00:1:0:0:0:0:1,AS38345
.集团,generic,Eagle Horizon Limited,2401:8d00:1:0:0:0:0:1,AS38345
.在线,generic,TLD REGISTRY LIMITED,103.61.62.1,AS63582
.한국,country-code,KISA (Korea Internet & Security Agency),210.101.60.1,AS131098
.ଭାରତ,country-code,National Internet eXchange of India,156.154.101.20,AS397213
.大众汽车,generic,"Volkswagen (China) Investment Co., Ltd.",65.22.209.1,AS12041
.点看,generic,VeriSign Sarl,192.42.175.30,AS27544
.คอม,generic,VeriSign Sarl,192.42.175.30,AS27544
.ভাৰত,country-code,National Internet eXchange of India,156.154.101.20,AS397213
.ভারত,country-code,National Internet Exchange of India,156.154.101.20,AS397213
.八卦,generic,Zodiac Gemini Ltd,,AS38345
‏.ישראל‎,country-code,The Israel Internet Association (RA),128.139.35.5,AS378
‏.موقع‎,generic,Suhub Electronic Establishment,65.22.247.33,AS207266
.বাংলা,country-code,Posts and Telecommunications Division,180.211.212.213,AS17494
.公益,generic,China Organizational Name Administration Center,111.235.161.1,AS58448
.公司,generic,Computer Network Information Center of Chinese Academy of Sciences （China Internet Network Information Center）,125.208.40.1,AS24151
.香格里拉,generic,Shangri‐La International Hotel Management Limited,192.42.175.30,AS27544
.网站,generic,Global Website TLD Asia Limited,65.22.19.9,AS207266
.移动,generic,Afilias Limited,65.22.24.9,AS12041
.我爱你,generic,Tycoon Treasure Limited,2401:8d00:1:0:0:0:0:1,AS38345
.москва,generic,Foundation for Assistance for Internet Technologies and Infrastructure Development (FAITID),31.177.70.1,AS43489
.испытание,test,Internet Assigned Numbers Authority," class=""subsection"">
<ul>
<li><a href=""/domains/root"">Root Zone Registry</a></li>
<li><a href=""/domains/int"">.INT Registry</a></li>
<li><a href=""/domains/arpa"">.ARPA Registry</a></li>
<li><a href=""/domains/idn-tables"">IDN Repository</a></li>
</ul>
",
.қаз,country-code,Association of IT Companies of Kazakhstan,194.0.21.5,AS51833
.католик,generic,Pontificium Consilium de Comunicationibus Socialibus (PCCS) (Pontifical Council for Social Communication),37.209.194.9,AS12008
.онлайн,generic,CORE Association,195.253.65.11,AS8391
.сайт,generic,CORE Association,195.253.65.11,AS8391
.联通,generic,China United Network Communications Corporation Limited,203.99.27.1,AS38345
.срб,country-code,Serbian National Internet Domain Registry (RNIDS),91.199.17.59,AS47267
.бг,country-code,Imena.BG AD,194.0.32.1,AS197997
.бел,country-code,"Reliable Software, Ltd.",37.48.67.249,AS60781
‏.קום‎,generic,VeriSign Sarl,192.42.175.30,AS27544
.时尚,generic,RISE VICTORY LIMITED,2401:8d00:1:0:0:0:0:1,AS38345
.微博,generic,Sina Corporation,65.22.115.1,AS207266
.테스트,test,Internet Assigned Numbers Authority," class=""subsection"">
<ul>
<li><a href=""/domains/root"">Root Zone Registry</a></li>
<li><a href=""/domains/int"">.INT Registry</a></li>
<li><a href=""/domains/arpa"">.ARPA Registry</a></li>
<li><a href=""/domains/idn-tables"">IDN Repository</a></li>
</ul>
",
.淡马锡,generic,Temasek Holdings (Private) Limited,65.22.140.1,AS12041
.ファッション,generic,"Amazon Registry Services, Inc.",156.154.156.194,AS19905
.орг,generic,Public Interest Registry,65.22.184.25,AS12041
.नेट,generic,VeriSign Sarl,192.42.175.30,AS27544
.ストア,generic,"Amazon Registry Services, Inc.",156.154.145.193,AS19905
.アマゾン,generic,"Amazon Registry Services, Inc.",213.248.222.92,AS43519
.삼성,generic,"SAMSUNG SDS CO., LTD",212.18.249.113,AS201303
.சிங்கப்பூர்,country-code,Singapore Network Information Centre (SGNIC) Pte Ltd,120.29.253.11,AS12008
.商标,generic,Internet DotTrademark Organisation Limited,2401:8d00:1:0:0:0:0:1,AS38345
.商店,generic,"Binky Moon, LLC",37.209.192.7,AS12008
.商城,generic,Zodiac Aquarius Limited,2401:8d00:1:0:0:0:0:1,AS38345
.дети,generic,The Foundation for Network Initiatives “The Smart Internet”,194.190.124.17,AS42385
.мкд,country-code,Macedonian Academic Research Network Skopje,194.149.137.168,AS5379
‏.טעסט‎,test,Internet Assigned Numbers Authority," class=""subsection"">
<ul>
<li><a href=""/domains/root"">Root Zone Registry</a></li>
<li><a href=""/domains/int"">.INT Registry</a></li>
<li><a href=""/domains/arpa"">.ARPA Registry</a></li>
<li><a href=""/domains/idn-tables"">IDN Repository</a></li>
</ul>
",
.ею,country-code,EURid vzw/asbl,193.2.221.60,AS2107
.ポイント,generic,"Amazon Registry Services, Inc.",156.154.170.66,AS397213
.新闻,generic,"Guangzhou YU Wei Information and Technology Co.,Ltd",2401:8d00:1:0:0:0:0:1,AS38345
.家電,generic,"Amazon Registry Services, Inc.",156.154.171.67,AS397220
‏.كوم‎,generic,VeriSign Sarl,192.42.175.30,AS27544
.中文网,generic,TLD REGISTRY LIMITED,103.61.62.1,AS63582
.中信,generic,CITIC Group Corporation,2401:8d00:1:0:0:0:0:1,AS38345
.中国,country-code,China Internet Network Information Center (CNNIC),125.208.32.1,AS24151
.中國,country-code,China Internet Network Information Center (CNNIC),125.208.32.1,AS24151
.娱乐,generic,"Binky Moon, LLC",37.209.192.7,AS12008
.谷歌,generic,Charleston Road Registry Inc.,216.239.32.105,AS15169
.భారత్,country-code,National Internet Exchange of India,156.154.101.20,AS397213
.ලංකා,country-code,LK Domain Registry,192.248.8.17,AS38229
.電訊盈科,generic,PCCW Enterprises Limited,65.22.175.33,AS207266
.购物,generic,"Nawang Heli(Xiamen) Network Service Co., LTD.",156.154.170.68,AS397213
.測試,test,Internet Assigned Numbers Authority," class=""subsection"">
<ul>
<li><a href=""/domains/root"">Root Zone Registry</a></li>
<li><a href=""/domains/int"">.INT Registry</a></li>
<li><a href=""/domains/arpa"">.ARPA Registry</a></li>
<li><a href=""/domains/idn-tables"">IDN Repository</a></li>
</ul>
",
.クラウド,generic,"Amazon Registry Services, Inc.",156.154.172.69,AS397213
.ભારત,country-code,National Internet Exchange of India,156.154.101.20,AS397213
.通販,generic,"Amazon Registry Services, Inc.",156.154.170.70,AS397213
.भारतम्,country-code,National Internet eXchange of India,156.154.101.20,AS397213
.भारत,country-code,National Internet Exchange of India,156.154.101.20,AS397213
.भारोत,country-code,National Internet eXchange of India,156.154.101.20,AS397213
‏.آزمایشی‎,test,Internet Assigned Numbers Authority," class=""subsection"">
<ul>
<li><a href=""/domains/root"">Root Zone Registry</a></li>
<li><a href=""/domains/int"">.INT Registry</a></li>
<li><a href=""/domains/arpa"">.ARPA Registry</a></li>
<li><a href=""/domains/idn-tables"">IDN Repository</a></li>
</ul>
",
.பரிட்சை,test,Internet Assigned Numbers Authority," class=""subsection"">
<ul>
<li><a href=""/domains/root"">Root Zone Registry</a></li>
<li><a href=""/domains/int"">.INT Registry</a></li>
<li><a href=""/domains/arpa"">.ARPA Registry</a></li>
<li><a href=""/domains/idn-tables"">IDN Repository</a></li>
</ul>
",
.网店,generic,Zodiac Taurus Ltd.,2401:8d00:1:0:0:0:0:1,AS38345
.संगठन,generic,Public Interest Registry,65.22.186.1,AS12041
.餐厅,generic,Internet DotTrademark Organisation Limited,2401:8d00:1:0:0:0:0:1,AS38345
.网络,generic,Computer Network Information Center of Chinese Academy of Sciences （China Internet Network Information Center）,125.208.40.1,AS24151
.ком,generic,VeriSign Sarl,192.42.175.30,AS27544
.укр,country-code,"Ukrainian Network Information Centre (UANIC), Inc.",173.208.218.43,AS32097
.香港,country-code,Hong Kong Internet Registration Corporation Ltd.,,AS8674
.亚马逊,generic,"Amazon Registry Services, Inc.",103.49.82.91,AS43519
.诺基亚,generic,Nokia Corporation,65.22.247.1,AS207266
.食品,generic,"Amazon Registry Services, Inc.",156.154.172.72,AS397213
.δοκιμή,test,Internet Assigned Numbers Authority," class=""subsection"">
<ul>
<li><a href=""/domains/root"">Root Zone Registry</a></li>
<li><a href=""/domains/int"">.INT Registry</a></li>
<li><a href=""/domains/arpa"">.ARPA Registry</a></li>
<li><a href=""/domains/idn-tables"">IDN Repository</a></li>
</ul>
",
.飞利浦,generic,Koninklijke Philips N.V.,37.209.192.9,AS12008
‏.إختبار‎,test,Internet Assigned Numbers Authority," class=""subsection"">
<ul>
<li><a href=""/domains/root"">Root Zone Registry</a></li>
<li><a href=""/domains/int"">.INT Registry</a></li>
<li><a href=""/domains/arpa"">.ARPA Registry</a></li>
<li><a href=""/domains/idn-tables"">IDN Repository</a></li>
</ul>
",
.台湾,country-code,Taiwan Network Information Center (TWNIC),60.199.165.186,AS9924
.台灣,country-code,Taiwan Network Information Center (TWNIC),60.199.165.186,AS9924
.手机,generic,"Beijing RITT-Net Technology Development Co., Ltd",65.22.218.1,AS12041
.мон,country-code,"Datacom Co.,Ltd",218.100.84.27,AS56301
‏.الجزائر‎,country-code,CERIST,193.194.64.243,AS3208
‏.عمان‎,country-code,Telecommunications Regulatory Authority (TRA),37.209.198.6,AS12008
‏.ارامكو‎,generic,Aramco Services Company,156.154.159.15,AS19905
‏.ایران‎,country-code,Institute for Research in Fundamental Sciences (IPM),193.189.122.83,AS35285
‏.العليان‎,generic,Crescent Holding GmbH,37.209.198.9,AS12008
‏.اتصالات‎,generic,Emirates Telecommunications Corporation (trading as Etisalat),212.18.248.23,AS201304
‏.امارات‎,country-code,Telecommunications and Digital Government Regulatory Authority (TDRA),79.98.120.73,AS47201
‏.بازار‎,generic,CORE Association,195.253.65.11,AS8391
‏.موريتانيا‎,country-code,Université de Nouakchott Al Aasriya,194.0.9.1,AS2484
‏.پاکستان‎,country-code,National Telecommunication Corporation,175.107.198.150,AS24440
‏.الاردن‎,country-code,Ministry of Digital Economy and Entrepreneurship (MoDEE),193.188.66.103,AS8934
‏.بارت‎,country-code,National Internet eXchange of India,,AS397213
‏.بھارت‎,country-code,National Internet Exchange of India,156.154.101.20,AS397213
‏.المغرب‎,country-code,Agence Nationale de Réglementation des Télécommunications (ANRT),194.0.9.1,AS2484
‏.ابوظبي‎,generic,Abu Dhabi Systems and Information Centre,37.209.194.10,AS12008
‏.البحرين‎,country-code,Telecommunications Regulatory Authority (TRA),212.18.248.115,AS201304
‏.السعودية‎,country-code,Communications and Information Technology Commission,212.138.118.118,AS8895
‏.ڀارت‎,country-code,National Internet eXchange of India,156.154.101.20,AS397213
‏.كاثوليك‎,generic,Pontificium Consilium de Comunicationibus Socialibus (PCCS) (Pontifical Council for Social Communication),37.209.198.9,AS12008
‏.سودان‎,country-code,Sudan Internet Society,196.29.166.134,AS33788
‏.همراه‎,generic,Asia Green IT System Bilgisayar San. ve Tic. Ltd. Sti.,72.42.113.9,AS187
‏.عراق‎,country-code,Communications and Media Commission (CMC),194.117.58.42,AS42
‏.مليسيا‎,country-code,MYNIC Berhad,103.44.108.53,AS133874
.澳門,country-code,Macao Post and Telecommunications Bureau (CTT),202.175.87.48,AS4609
.닷컴,generic,VeriSign Sarl,,AS27544
.政府,generic,"Net-Chinese Co., Ltd.",203.73.24.25,AS4780
‏.شبكة‎,generic,International Domain Registry Pty. Ltd.,37.209.196.3,AS12008
‏.بيتك‎,generic,Kuwait Finance House,212.18.248.22,AS201304
‏.عرب‎,generic,League of Arab States,37.209.194.10,AS12008
.გე,country-code,Information Technologies Development Center (ITDC),204.61.216.88,AS42
.机构,generic,Public Interest Registry,65.22.185.17,AS12041
.组织机构,generic,Public Interest Registry,65.22.186.9,AS12041
.健康,generic,Stable Tone Limited,103.61.62.1,AS63582
.ไทย,country-code,Thai Network Information Center Foundation,202.28.0.1,AS4621
‏.سورية‎,country-code,National Agency for Network Services (NANS),82.137.200.85,AS29256
.招聘,generic,Dot Trademark TLD Holding Company Limited,203.99.27.1,AS38345
.рус,generic,Rusnames Limited,72.0.49.2,AS42
.рф,country-code,Coordination Center for TLD RU,193.232.142.17,AS42385
‏.تونس‎,country-code,Agence Tunisienne d'Internet,192.93.0.4,AS2486
.大拿,generic,VeriSign Sarl,192.42.175.30,AS27544
.ລາວ,country-code,Lao National Internet Center (LANIC),212.18.249.17,AS201303
.みんな,generic,Charleston Road Registry Inc.,216.239.32.105,AS15169
.グーグル,generic,Charleston Road Registry Inc.,,
.ευ,country-code,EURid vzw/asbl,193.2.221.60,AS2107
.ελ,country-code,ICS-FORTH GR,139.91.1.1,AS8522
.世界,generic,Stable Tone Limited,103.61.62.1,AS63582
.書籍,generic,"Amazon Registry Services, Inc.",156.154.170.76,AS397213
.ഭാരതം,country-code,National Internet eXchange of India,156.154.101.20,AS397213
.ਭਾਰਤ,country-code,National Internet Exchange of India,156.154.101.20,AS397213
.网址,generic,"KNET Co., Ltd",2401:8d00:1:0:0:0:0:1,AS38345
.닷넷,generic,VeriSign Sarl,192.42.175.30,AS27544
.コム,generic,VeriSign Sarl,192.42.175.30,AS27544
.天主教,generic,Pontificium Consilium de Comunicationibus Socialibus (PCCS) (Pontifical Council for Social Communication),37.209.194.9,AS12008
.游戏,generic,"Binky Moon, LLC",,
.vermögensberater,generic,Deutsche Vermögensberatung Aktiengesellschaft DVAG,212.18.248.105,AS201304
.vermögensberatung,generic,Deutsche Vermögensberatung Aktiengesellschaft DVAG,,AS199330
.企业,generic,"Binky Moon, LLC",37.209.192.7,AS12008
.信息,generic,"Beijing Tele-info Network Technology Co., Ltd.",103.61.63.1,AS63582
.嘉里大酒店,generic,Kerry Trading Co. Limited,192.42.175.30,AS27544
.嘉里,generic,Kerry Trading Co. Limited,192.42.175.30,AS27544
‏.مصر‎,country-code,National Telecommunication Regulatory Authority - NTRA,81.21.97.155,AS31065
‏.قطر‎,country-code,Communications Regulatory Authority,178.23.17.104,AS42298
.广东,generic,"Guangzhou YU Wei Information Technology Co., Ltd.",42.83.133.1,AS24151
.இலங்கை,country-code,LK Domain Registry,192.248.8.17,AS38229
.இந்தியா,country-code,National Internet Exchange of India,156.154.101.20,AS397213
.հայ,country-code,"""Internet Society"" Non-governmental Organization",194.0.1.26,AS42909
.新加坡,country-code,Singapore Network Information Centre (SGNIC) Pte Ltd,120.29.253.11,AS12008
‏.فلسطين‎,country-code,Ministry of Telecom & Information Technology (MTIT),,
.テスト,test,Internet Assigned Numbers Authority," class=""subsection"">
<ul>
<li><a href=""/domains/root"">Root Zone Registry</a></li>
<li><a href=""/domains/int"">.INT Registry</a></li>
<li><a href=""/domains/arpa"">.ARPA Registry</a></li>
<li><a href=""/domains/idn-tables"">IDN Repository</a></li>
</ul>
",
.政务,generic,China Organizational Name Administration Center,111.235.161.1,AS58448
.xxx,sponsored,ICM Registry LLC,37.209.192.10,AS12008
.xyz,generic,XYZ.COM LLC,212.18.248.42,AS201304
.yachts,generic,XYZ.COM LLC,212.18.249.133,AS201303
.yahoo,generic,OATH INC,192.42.174.30,AS20172
.yamaxun,generic,"Amazon Registry Services, Inc.",,AS43519
.yandex,generic,Yandex Europe B.V.,64.96.1.1,AS62831
.ye,country-code,TeleYemen,195.94.0.34,AS12486
.yodobashi,generic,"YODOBASHI CAMERA CO.,LTD.",37.209.192.4,AS12008
.yoga,generic,"Registry Services, LLC",213.248.221.36,AS43519
.yokohama,generic,"GMO Registry, Inc.",37.209.192.4,AS12008
.you,generic,"Amazon Registry Services, Inc.",213.248.222.89,AS43519
.youtube,generic,Charleston Road Registry Inc.,216.239.32.105,AS15169
.yt,country-code,Association Française pour le Nommage Internet en Coopération (A.F.N.I.C.),194.0.9.1,AS2484
.yun,generic,QIHOO 360 TECHNOLOGY CO. LTD.,103.61.63.1,AS63582
.za,country-code,ZA Domain Name Authority,196.4.160.27,AS3741
.zappos,generic,"Amazon Registry Services, Inc.",103.49.82.52,AS43519
.zara,generic,"Industria de Diseño Textil, S.A. (INDITEX, S.A.)",65.22.233.33,AS12041
.zero,generic,"Amazon Registry Services, Inc.",156.154.156.188,
.zip,generic,Charleston Road Registry Inc.,216.239.32.105,AS15169
.zm,country-code,Zambia Information and Communications Technology Authority (ZICTA),204.61.216.73,AS42
.zone,generic,"Binky Moon, LLC",37.209.192.7,AS12008
.zuerich,generic,Kanton Zürich (Canton of Zurich),212.18.248.107,AS201304
.zw,country-code,Postal and Telecommunications Regulatory Authority of Zimbabwe (POTRAZ),,AS30844
